nb,structure,type,date
169.0,CHALLENGESPORTS.INFO,JOURNALISTE,2026-03-11
0.0,RTS,JOURNALISTE,2026-03-11
0.0,RECORD,JOURNALISTE,2026-03-11
0.0,Jolofsport.com,JOURNALISTE,2026-03-11
0.0,Taggat,JOURNALISTE,2026-03-11
0.0,Free-lance ,JOURNALISTE,2026-03-11
0.0,Mader TV,JOURNALISTE,2026-03-11
0.0,Freelance ,JOURNALISTE,2026-03-11
0.0,13 productions,JOURNALISTE,2026-03-11
0.0,APS,JOURNALISTE,2026-03-11
0.0,TFM,JOURNALISTE,2026-03-11
0.0,7Sport,JOURNALISTE,2026-03-11
0.0,SENEWEB,JOURNALISTE,2026-03-11
0.0,Les Echos ,JOURNALISTE,2026-03-11
0.0,dsprod usa ,JOURNALISTE,2026-03-11
0.0,Saloum-Vision plus,JOURNALISTE,2026-03-11
0.0,FD MEDIA ,JOURNALISTE,2026-03-11
0.0,Aladji malick tv sport ,JOURNALISTE,2026-03-11
0.0,Les Échos/ Jotaay.net,JOURNALISTE,2026-03-11
0.0,Planète sport 221,JOURNALISTE,2026-03-11
0.0,Citizen network Gambia,JOURNALISTE,2026-03-11
0.0,7.0tv,JOURNALISTE,2026-03-11
0.0,Free-lance,JOURNALISTE,2026-03-11
0.0,Freelancer,JOURNALISTE,2026-03-11
0.0,13.0tv,JOURNALISTE,2026-03-11
0.0,Freelance,JOURNALISTE,2026-03-11
0.0,L’OBSERVATEUR (GFM),JOURNALISTE,2026-03-11
0.0,ANPS,JOURNALISTE,2026-03-11
0.0,Journal de Dakar ,JOURNALISTE,2026-03-11
0.0,Sport221,JOURNALISTE,2026-03-11
0.0,Éric Favre TV,JOURNALISTE,2026-03-11
0.0,senegalnews.sn,JOURNALISTE,2026-03-11
0.0,Freesports 221,JOURNALISTE,2026-03-11
0.0,RMC (French Radio),JOURNALISTE,2026-03-11
0.0,Seneweb ,JOURNALISTE,2026-03-11
0.0,Zik fm,JOURNALISTE,2026-03-11
0.0,Oxy jeunes FM ,JOURNALISTE,2026-03-11
0.0,RFM,JOURNALISTE,2026-03-11
0.0,iGFM ,JOURNALISTE,2026-03-11
0.0,Teranga Sport News ,JOURNALISTE,2026-03-11
0.0,Le Soleil,JOURNALISTE,2026-03-11
0.0,Free-lance ,JOURNALISTE,2026-03-11
0.0,Yoor Yoor Bi,JOURNALISTE,2026-03-11
0.0,Agence de presse sénégalaise,JOURNALISTE,2026-03-11
0.0,Tfm,JOURNALISTE,2026-03-11
0.0,OXYJEUNES FM,JOURNALISTE,2026-03-11
0.0,Le Soleil,JOURNALISTE,2026-03-11
0.0,Galaxy tv Senegal ,JOURNALISTE,2026-03-11
0.0,APS,JOURNALISTE,2026-03-11
0.0,13.0 tv,JOURNALISTE,2026-03-11
0.0,Galaxy Tv ,JOURNALISTE,2026-03-11
0.0,L'AS QUOTIDIEN,JOURNALISTE,2026-03-11
0.0,Kaddu Jolof Tv ,JOURNALISTE,2026-03-11
0.0,Free-lance ,JOURNALISTE,2026-03-11
0.0,Kala foot,JOURNALISTE,2026-03-11
0.0,Groupe walfadjri,JOURNALISTE,2026-03-11
0.0,Free-lance ,JOURNALISTE,2026-03-11
0.0,2.0STV,JOURNALISTE,2026-03-11
0.0,Radio ,JOURNALISTE,2026-03-11
0.0,Emedia ,JOURNALISTE,2026-03-11
0.0,L'info  Quotidien,JOURNALISTE,2026-03-11
0.0,Baldezz Multimedia ,JOURNALISTE,2026-03-12
0.0,Online ,JOURNALISTE,2026-03-12
0.0,Sport Inter,JOURNALISTE,2026-03-12
0.0,Sport Inter,JOURNALISTE,2026-03-12
0.0,Oxy7sport.Net,JOURNALISTE,2026-03-12
0.0,BBC,JOURNALISTE,2026-03-12
0.0,AdOo221,JOURNALISTE,2026-03-12
0.0,Média digital sportif indépendant : https://www.youtube.com/@Elimane./streams  ,JOURNALISTE,2026-03-12
0.0,Dsports Tv,JOURNALISTE,2026-03-12
0.0,Football 221,JOURNALISTE,2026-03-12
0.0,OXY7.NET,JOURNALISTE,2026-03-12
0.0,Football 221,JOURNALISTE,2026-03-12
0.0,13.0Tv,JOURNALISTE,2026-03-12
0.0,Radio Télévision Fulbé RTF,JOURNALISTE,2026-03-12
0.0,Voice Out Digital (VOD Media) ,JOURNALISTE,2026-03-12
0.0,Voice Out Digital (VOD Media) ,JOURNALISTE,2026-03-12
0.0,Radiotelefulbe RTF international ,JOURNALISTE,2026-03-12
0.0,Free lance radio ,JOURNALISTE,2026-03-12
0.0,Radio,JOURNALISTE,2026-03-12
0.0,CANAL BANLIEUE MEDIA,JOURNALISTE,2026-03-12
0.0,Groupe Walfadjri,JOURNALISTE,2026-03-12
0.0,SourceA Tv,JOURNALISTE,2026-03-12
0.0,Galaxy.sn,JOURNALISTE,2026-03-12
0.0,POINT NEWSPAPER BANJUL,JOURNALISTE,2026-03-12
0.0,Les Acrros Au Foot,JOURNALISTE,2026-03-12
0.0,Tribune,JOURNALISTE,2026-03-12
0.0,Source A,JOURNALISTE,2026-03-12
0.0,Walfadjri,JOURNALISTE,2026-03-12
0.0,Agence de presse sénégalaise (APS - correspondant à Saint-Louis),JOURNALISTE,2026-03-12
0.0,2.0STV,JOURNALISTE,2026-03-12
0.0,WALF QUOTIDIEN,JOURNALISTE,2026-03-12
0.0,Football-221,JOURNALISTE,2026-03-12
0.0,sénégal 7,JOURNALISTE,2026-03-12
0.0,Radio1FM Gambia,JOURNALISTE,2026-03-13
0.0,Teranga Sports ,JOURNALISTE,2026-03-13
0.0,Afia FM ,JOURNALISTE,2026-03-13
0.0,Eric Favre Tv,JOURNALISTE,2026-03-13
0.0,Sans Limites ,JOURNALISTE,2026-03-13
0.0,2.0stv,JOURNALISTE,2026-03-13
0.0,Agence de Presse Sénégalaise (APS),JOURNALISTE,2026-03-13
0.0,SJAG,JOURNALISTE,2026-03-13
0.0,Senegal7,JOURNALISTE,2026-03-13
0.0,Journaliste indépendante étudiante en licence numérique information communication à l’université Paris panthéon Assas,JOURNALISTE,2026-03-13
0.0,wiwsport ,JOURNALISTE,2026-03-13
0.0,Sénégal média ,JOURNALISTE,2026-03-13
0.0,Thiès Prestige ,JOURNALISTE,2026-03-13
0.0,Match360,JOURNALISTE,2026-03-13
0.0,ANPS,JOURNALISTE,2026-03-14
0.0,Sport News Africa ,JOURNALISTE,2026-03-14
0.0,Senbuzz ,JOURNALISTE,2026-03-14
0.0,Narrateur sportif NS tv ,JOURNALISTE,2026-03-14
0.0,Dsports ,JOURNALISTE,2026-03-14
0.0,Le Dakarois TV,JOURNALISTE,2026-03-14
0.0,Free-lance ,JOURNALISTE,2026-03-15
0.0,Free-lance ,JOURNALISTE,2026-03-15
0.0,Groupe prestige Thiès ,JOURNALISTE,2026-03-15
0.0,Teranga sports ,JOURNALISTE,2026-03-15
0.0,Journaliste ,JOURNALISTE,2026-03-15
0.0,Agence de presse sénégalaise (APS),JOURNALISTE,2026-03-16
0.0,Univers info Tv ,JOURNALISTE,2026-03-16
0.0,SUDFM,JOURNALISTE,2026-03-16
0.0,SUDFM,JOURNALISTE,2026-03-16
0.0,SUDFM,JOURNALISTE,2026-03-16
0.0,L'Info,JOURNALISTE,2026-03-16
0.0,Le Soleil,JOURNALISTE,2026-03-16
0.0,Dsports,JOURNALISTE,2026-03-16
0.0,M4tv,JOURNALISTE,2026-03-17
0.0,Senfootball TV ,JOURNALISTE,2026-03-17
0.0,RADIO FUTURS MEDIA ,JOURNALISTE,2026-03-17
0.0,Groupe Walfadjri,JOURNALISTE,2026-03-17
0.0,Createur de contenu/ influenceur ,JOURNALISTE,2026-03-17
0.0,13.0tv,JOURNALISTE,2026-03-17
0.0,King Ouse & Ngary TV,JOURNALISTE,2026-03-17
0.0,Actu7.info,JOURNALISTE,2026-03-18
0.0,Senfootball TV,JOURNALISTE,2026-03-18
0.0,Senfootball TV,JOURNALISTE,2026-03-18
0.0,Galaxy Médias ,JOURNALISTE,2026-03-18
0.0,7TV Thiès ,JOURNALISTE,2026-03-18
0.0,TV5Monde / Deutsche Welle,JOURNALISTE,2026-03-18
0.0,King Ouse & Ngary TV,JOURNALISTE,2026-03-18
0.0,DAKAR TIMES,JOURNALISTE,2026-03-18
0.0,Afriradio Gambie,JOURNALISTE,2026-03-18
0.0,Football-221,JOURNALISTE,2026-03-18
0.0,2.0ATV,JOURNALISTE,2026-03-18
0.0,Dakar Plus ,JOURNALISTE,2026-03-18
0.0,Freelance,JOURNALISTE,2026-03-18
0.0,2MO TV ,JOURNALISTE,2026-03-19
0.0,Le Soleil,JOURNALISTE,2026-03-19
0.0,Sénégal 7 ,JOURNALISTE,2026-03-19
0.0,DSPORTS TV ,JOURNALISTE,2026-03-19
0.0,Galaxy Médias ,JOURNALISTE,2026-03-19
0.0,le soleil,JOURNALISTE,2026-03-19
0.0,Groupe Vision Afrique,JOURNALISTE,2026-03-20
0.0,Walfadjri,JOURNALISTE,2026-03-20
0.0,DSTV ,JOURNALISTE,2026-03-20
0.0,SportElles ,JOURNALISTE,2026-03-20
0.0,SportElle ,JOURNALISTE,2026-03-20
0.0,Free-lance ,JOURNALISTE,2026-03-20
0.0,ACTU7.Info,JOURNALISTE,2026-03-20
0.0,Dsports.sn,JOURNALISTE,2026-03-21
0.0,Journaliste,JOURNALISTE,2026-03-26
0.0,Journaliste,JOURNALISTE,2026-03-26
0.0,Journaliste,JOURNALISTE,2026-03-26
0.0,Journaliste,JOURNALISTE,2026-03-26
0.0,Journaliste,JOURNALISTE,2026-03-26
0.0,Journaliste,JOURNALISTE,2026-03-26
0.0,Journaliste,JOURNALISTE,2026-03-26
0.0,Journaliste,JOURNALISTE,2026-03-26
0.0,Journaliste,JOURNALISTE,2026-03-26
0.0,JOURNALISTE,JOURNALISTE,2026-03-30
0.0,JOURNALISTE,JOURNALISTE,2026-03-30
0.0,G5 TV,JOURNALISTE,2026-03-30
0.0,journaliste,JOURNALISTE,2026-03-30
0.0,JOURNALISTEJOURNALISTE,JOURNALISTE,2026-03-31
0.0,JOURNALISTE,JOURNALISTE,2026-03-31
264.0,Galsentime,PHOTOGRAPHE,2026-03-11
0.0,Mouha Visuels,PHOTOGRAPHE,2026-03-11
0.0,UNPJS,PHOTOGRAPHE,2026-03-11
0.0,Papi Vision,PHOTOGRAPHE,2026-03-11
0.0,Hassan_Juuf_Photography,PHOTOGRAPHE,2026-03-11
0.0,Phoenix Grapher,PHOTOGRAPHE,2026-03-11
0.0,Freelance ,PHOTOGRAPHE,2026-03-11
0.0,Ker marame ,PHOTOGRAPHE,2026-03-11
0.0,CHEIKH SENGHOR ,PHOTOGRAPHE,2026-03-11
0.0,DPF médias ,PHOTOGRAPHE,2026-03-11
0.0,Zig_mediaglobal_service ,PHOTOGRAPHE,2026-03-11
0.0,DIGITCOM SPORT,PHOTOGRAPHE,2026-03-11
0.0,https://www.instagram.com/adjasaliou2023?igsh=dzllczU4anVnMzJl&utm_source=qr,PHOTOGRAPHE,2026-03-11
0.0,Freelancer,PHOTOGRAPHE,2026-03-11
0.0,ANPS ,PHOTOGRAPHE,2026-03-11
0.0,Golden Sport ,PHOTOGRAPHE,2026-03-11
0.0,Mediasenegal ,PHOTOGRAPHE,2026-03-11
0.0,Sportcast221,PHOTOGRAPHE,2026-03-11
0.0,Freelance ,PHOTOGRAPHE,2026-03-11
0.0,7Sport,PHOTOGRAPHE,2026-03-11
0.0,Yaaba photography ,PHOTOGRAPHE,2026-03-11
0.0,Le soleil digital ,PHOTOGRAPHE,2026-03-11
0.0,freelance,PHOTOGRAPHE,2026-03-11
0.0,dpfmédias,PHOTOGRAPHE,2026-03-11
0.0,Freelance ,PHOTOGRAPHE,2026-03-11
0.0,OvisionTv ,PHOTOGRAPHE,2026-03-11
0.0,Les Echos,PHOTOGRAPHE,2026-03-11
0.0,Al Khalif event’s,PHOTOGRAPHE,2026-03-11
0.0,Lataniere221,PHOTOGRAPHE,2026-03-11
0.0,7.0tv,PHOTOGRAPHE,2026-03-11
0.0,Lebou photographe ,PHOTOGRAPHE,2026-03-11
0.0,Saero photographie,PHOTOGRAPHE,2026-03-11
0.0,ANPS,PHOTOGRAPHE,2026-03-11
0.0,7.0tv,PHOTOGRAPHE,2026-03-11
0.0,UNPJS,PHOTOGRAPHE,2026-03-11
0.0,Free-lance ,PHOTOGRAPHE,2026-03-11
0.0,Babaproduction.sn,PHOTOGRAPHE,2026-03-11
0.0,Free-lance ,PHOTOGRAPHE,2026-03-11
0.0,ANPS,PHOTOGRAPHE,2026-03-11
0.0,Sunusport.com,PHOTOGRAPHE,2026-03-11
0.0,https://www.instagram.com/ndakhtejr_photographe?igsh=MTY5cDI4bnZ1ZWQxMA%3D%3D&utm_source=qr  ,PHOTOGRAPHE,2026-03-11
0.0,Apsis ,PHOTOGRAPHE,2026-03-11
0.0,UNPJS / ANPS ,PHOTOGRAPHE,2026-03-11
0.0,UNPJS ,PHOTOGRAPHE,2026-03-11
0.0,Independent ,PHOTOGRAPHE,2026-03-11
0.0,FOOT MAX,PHOTOGRAPHE,2026-03-11
0.0,Freelance ,PHOTOGRAPHE,2026-03-11
0.0,Prince Image,PHOTOGRAPHE,2026-03-11
0.0,Freelance ANPS ,PHOTOGRAPHE,2026-03-11
0.0,Captured_bydjibril,PHOTOGRAPHE,2026-03-11
0.0,Aps,PHOTOGRAPHE,2026-03-11
0.0,The Fatu Network ,PHOTOGRAPHE,2026-03-11
0.0,Indépendant,PHOTOGRAPHE,2026-03-11
0.0,Maodo vision,PHOTOGRAPHE,2026-03-11
0.0,Aps,PHOTOGRAPHE,2026-03-11
0.0,Freelance ,PHOTOGRAPHE,2026-03-11
0.0,Sport 221,PHOTOGRAPHE,2026-03-11
0.0,Maodo vision ,PHOTOGRAPHE,2026-03-11
0.0,Sanslimitesn,PHOTOGRAPHE,2026-03-11
0.0,Indépendant,PHOTOGRAPHE,2026-03-11
0.0,Galaxy.sn,PHOTOGRAPHE,2026-03-11
0.0,Al Amine Prod - APSIS,PHOTOGRAPHE,2026-03-11
0.0,Je veux faire partie des photographes pour ce match ,PHOTOGRAPHE,2026-03-11
0.0,Apsis,PHOTOGRAPHE,2026-03-11
0.0,Assemblée nationale ,PHOTOGRAPHE,2026-03-11
0.0,Designer Lune ,PHOTOGRAPHE,2026-03-11
0.0,D-vision-sport,PHOTOGRAPHE,2026-03-11
0.0,Yaaba Photography,PHOTOGRAPHE,2026-03-11
0.0,Freelance,PHOTOGRAPHE,2026-03-11
0.0,Freelance,PHOTOGRAPHE,2026-03-11
0.0,Freelance ,PHOTOGRAPHE,2026-03-11
0.0,APS,PHOTOGRAPHE,2026-03-11
0.0,Free-lance,PHOTOGRAPHE,2026-03-11
0.0,CibleSport,PHOTOGRAPHE,2026-03-11
0.0,Tribune,PHOTOGRAPHE,2026-03-11
0.0,Khalilpoki,PHOTOGRAPHE,2026-03-11
0.0,Zoua Visual Photography ZV,PHOTOGRAPHE,2026-03-11
0.0,Agencefury,PHOTOGRAPHE,2026-03-11
0.0,Galaxy tv,PHOTOGRAPHE,2026-03-11
0.0,Sougoupro,PHOTOGRAPHE,2026-03-11
0.0,Jolofsport.com,PHOTOGRAPHE,2026-03-11
0.0,Lazy sport,PHOTOGRAPHE,2026-03-11
0.0,Bibalah_photography,PHOTOGRAPHE,2026-03-11
0.0,Free-lance ,PHOTOGRAPHE,2026-03-11
0.0,Smod production ,PHOTOGRAPHE,2026-03-11
0.0,Ngàcc images ,PHOTOGRAPHE,2026-03-11
0.0,BOY TOWN PHOTOGRAPHIE,PHOTOGRAPHE,2026-03-11
0.0,Abdalart Photography ,PHOTOGRAPHE,2026-03-11
0.0,Capture moments photography ,PHOTOGRAPHE,2026-03-11
0.0,GUIDE SPORTS PLUS,PHOTOGRAPHE,2026-03-11
0.0,APSIS,PHOTOGRAPHE,2026-03-11
0.0,Maktoum Photography ,PHOTOGRAPHE,2026-03-11
0.0,Freelance ,PHOTOGRAPHE,2026-03-11
0.0,Sportgraphics ,PHOTOGRAPHE,2026-03-11
0.0,Unpjs,PHOTOGRAPHE,2026-03-11
0.0,Freelance ,PHOTOGRAPHE,2026-03-12
0.0,Gouyarphotographe ,PHOTOGRAPHE,2026-03-12
0.0,Pepites221 ,PHOTOGRAPHE,2026-03-12
0.0,APSIS,PHOTOGRAPHE,2026-03-12
0.0,Destiny_Prod_Sporr,PHOTOGRAPHE,2026-03-12
0.0,Metzograf ,PHOTOGRAPHE,2026-03-12
0.0,Baldezz Multimedia ,PHOTOGRAPHE,2026-03-12
0.0,freelance,PHOTOGRAPHE,2026-03-12
0.0,Batvision ,PHOTOGRAPHE,2026-03-12
0.0,Free-lance,PHOTOGRAPHE,2026-03-12
0.0,Senleeral Tv ,PHOTOGRAPHE,2026-03-12
0.0,APSIS,PHOTOGRAPHE,2026-03-12
0.0,Badou-Photography,PHOTOGRAPHE,2026-03-12
0.0,Sn boie photography ,PHOTOGRAPHE,2026-03-12
0.0,Freelance ,PHOTOGRAPHE,2026-03-12
0.0,ANPS,PHOTOGRAPHE,2026-03-12
0.0,Kingseye sport,PHOTOGRAPHE,2026-03-12
0.0,Galsen graphics,PHOTOGRAPHE,2026-03-12
0.0,Freelance,PHOTOGRAPHE,2026-03-12
0.0,Voice Out Digital (VOD Media) ,PHOTOGRAPHE,2026-03-12
0.0,Unpjs ,PHOTOGRAPHE,2026-03-12
0.0,Agence de presse sénégalaise ,PHOTOGRAPHE,2026-03-12
0.0,Ngalam TV ,PHOTOGRAPHE,2026-03-12
0.0,Tfm,PHOTOGRAPHE,2026-03-12
0.0,Source A Tv,PHOTOGRAPHE,2026-03-12
0.0,ELndiaye Production ,PHOTOGRAPHE,2026-03-12
0.0,Sport inter,PHOTOGRAPHE,2026-03-12
0.0,Agence de presse sénégalaise(APS),PHOTOGRAPHE,2026-03-12
0.0,2.0stv,PHOTOGRAPHE,2026-03-12
0.0,UNPJS,PHOTOGRAPHE,2026-03-12
0.0,Barry_njerinj,PHOTOGRAPHE,2026-03-12
0.0,SENEGALREK20,PHOTOGRAPHE,2026-03-12
0.0,Webinfos,PHOTOGRAPHE,2026-03-12
0.0,13.0 tv,PHOTOGRAPHE,2026-03-12
0.0,BIB,PHOTOGRAPHE,2026-03-12
0.0,VIDEASTE SPORT 221,PHOTOGRAPHE,2026-03-13
0.0,MHDesign,PHOTOGRAPHE,2026-03-13
0.0,Female ,PHOTOGRAPHE,2026-03-13
0.0,Twins photographe ,PHOTOGRAPHE,2026-03-13
0.0,Photojournaliste Free-lance ,PHOTOGRAPHE,2026-03-13
0.0,Ados branchés ,PHOTOGRAPHE,2026-03-13
0.0,776759764,PHOTOGRAPHE,2026-03-13
0.0,Unpjs,PHOTOGRAPHE,2026-03-13
0.0,Ministere jeunesse sport,PHOTOGRAPHE,2026-03-13
0.0,Free-lance ,PHOTOGRAPHE,2026-03-13
0.0,Sen TV,PHOTOGRAPHE,2026-03-13
0.0,Walf net ,PHOTOGRAPHE,2026-03-13
0.0,Samba_sarr18,PHOTOGRAPHE,2026-03-13
0.0,Dash photographe ,PHOTOGRAPHE,2026-03-13
0.0,Senegal 7,PHOTOGRAPHE,2026-03-13
0.0,Freelance ,PHOTOGRAPHE,2026-03-13
0.0,GFM,PHOTOGRAPHE,2026-03-13
0.0,JULESTOUSSPORTS ,PHOTOGRAPHE,2026-03-13
0.0,Freelance,PHOTOGRAPHE,2026-03-13
0.0,Photographe indépendant,PHOTOGRAPHE,2026-03-13
0.0,Free-lance ,PHOTOGRAPHE,2026-03-13
0.0,APSIS,PHOTOGRAPHE,2026-03-14
0.0,Senegal Media,PHOTOGRAPHE,2026-03-14
0.0,Sport221,PHOTOGRAPHE,2026-03-14
0.0,Seneweb,PHOTOGRAPHE,2026-03-14
0.0,APS,PHOTOGRAPHE,2026-03-14
0.0,Met’Art Photography ,PHOTOGRAPHE,2026-03-14
0.0,RTC Diender,PHOTOGRAPHE,2026-03-14
0.0,Salifart,PHOTOGRAPHE,2026-03-14
0.0,APS,PHOTOGRAPHE,2026-03-14
0.0,Unpjs,PHOTOGRAPHE,2026-03-14
0.0,Dsports ,PHOTOGRAPHE,2026-03-14
0.0,DSPORT TV,PHOTOGRAPHE,2026-03-14
0.0,Sanslimite tv,PHOTOGRAPHE,2026-03-14
0.0,Dsport tv,PHOTOGRAPHE,2026-03-14
0.0,Freelance,PHOTOGRAPHE,2026-03-15
0.0,Freelance,PHOTOGRAPHE,2026-03-15
0.0,Bp Actu ,PHOTOGRAPHE,2026-03-15
0.0,EUBDÜPHOTOGRAPHY,PHOTOGRAPHE,2026-03-15
0.0,Ben Designer 29,PHOTOGRAPHE,2026-03-15
0.0,Free-lance ,PHOTOGRAPHE,2026-03-15
0.0,Pikine Sport 221,PHOTOGRAPHE,2026-03-15
0.0,Solo media ,PHOTOGRAPHE,2026-03-16
0.0,GROUPE FUTURS MÉDIAS TFM,PHOTOGRAPHE,2026-03-16
0.0,Voice Out Digital (VOD Media) ,PHOTOGRAPHE,2026-03-16
0.0,Maodo vision ,PHOTOGRAPHE,2026-03-16
0.0,Xarala Views ,PHOTOGRAPHE,2026-03-17
0.0,Quatorze Group (Freelance),PHOTOGRAPHE,2026-03-17
0.0,RoyaltyVisuals&photography/free-lance ,PHOTOGRAPHE,2026-03-17
0.0,Igfm,PHOTOGRAPHE,2026-03-17
0.0,Maniang Reus 221,PHOTOGRAPHE,2026-03-17
0.0,wiwsport.com,PHOTOGRAPHE,2026-03-18
0.0,Watara ,PHOTOGRAPHE,2026-03-18
0.0,Freelance ,PHOTOGRAPHE,2026-03-18
0.0,Sniper shoot photography ,PHOTOGRAPHE,2026-03-18
0.0,Le Soleil ,PHOTOGRAPHE,2026-03-18
0.0,Réalité tv,PHOTOGRAPHE,2026-03-18
0.0,Casa média tv ,PHOTOGRAPHE,2026-03-18
0.0,SUNU FOOT LOCAL SN,PHOTOGRAPHE,2026-03-18
0.0,Rufisque Sénégal tv,PHOTOGRAPHE,2026-03-19
0.0,Baldezz Multi Media,PHOTOGRAPHE,2026-03-19
0.0,Freelancer,PHOTOGRAPHE,2026-03-19
0.0,Freelancer,PHOTOGRAPHE,2026-03-19
0.0,Jolofsport.com,PHOTOGRAPHE,2026-03-19
0.0,Freelance,PHOTOGRAPHE,2026-03-19
0.0,Toxik Photography,PHOTOGRAPHE,2026-03-19
0.0,GALAXY TV,PHOTOGRAPHE,2026-03-19
0.0,Emedia ,PHOTOGRAPHE,2026-03-19
0.0,Foot+sn,PHOTOGRAPHE,2026-03-19
0.0,Amaking photography,PHOTOGRAPHE,2026-03-19
0.0,Freelance ,PHOTOGRAPHE,2026-03-20
0.0,ANPS,PHOTOGRAPHE,2026-03-20
0.0,Taggat.SN,PHOTOGRAPHE,2026-03-20
0.0,https://www.instagram.com/univers_prod221?igsh=OWFqdnpldnVsOGN4,PHOTOGRAPHE,2026-03-20
0.0,Rtf ,PHOTOGRAPHE,2026-03-20
0.0,Wiztiti,PHOTOGRAPHE,2026-03-20
0.0,Galaxy tv Senegal ,PHOTOGRAPHE,2026-03-20
0.0,MystereZouphotography,PHOTOGRAPHE,2026-03-20
0.0,GOOR-SALOUM ,PHOTOGRAPHE,2026-03-20
0.0,Freelance ,PHOTOGRAPHE,2026-03-20
0.0,LaRafale47,PHOTOGRAPHE,2026-03-20
0.0,Neurone agency,PHOTOGRAPHE,2026-03-20
0.0,Play and rec,PHOTOGRAPHE,2026-03-20
0.0,Médina TV,PHOTOGRAPHE,2026-03-20
0.0,E media,PHOTOGRAPHE,2026-03-20
0.0,BABEL VISUEL,PHOTOGRAPHE,2026-03-21
0.0,Wiztiti photographe ,PHOTOGRAPHE,2026-03-21
0.0,Freelance ,PHOTOGRAPHE,2026-03-21
0.0,Thierlensagency ,PHOTOGRAPHE,2026-03-22
0.0,FSF,PHOTOGRAPHE,2026-03-25
0.0,MJS,PHOTOGRAPHE,2026-03-25
0.0,Journal RECORD gfm,PHOTOGRAPHE,2026-03-25
0.0,AFP,PHOTOGRAPHE,2026-03-25
0.0,Photographe,PHOTOGRAPHE,2026-03-26
0.0,Photographe,PHOTOGRAPHE,2026-03-26
0.0,Photographe,PHOTOGRAPHE,2026-03-26
0.0,Photographe,PHOTOGRAPHE,2026-03-26
0.0,Photographe,PHOTOGRAPHE,2026-03-26
0.0,Photographe,PHOTOGRAPHE,2026-03-26
0.0,Photographe,PHOTOGRAPHE,2026-03-26
0.0,Photographe,PHOTOGRAPHE,2026-03-26
0.0,Photographe,PHOTOGRAPHE,2026-03-26
0.0,PHOTOGRAPHE,PHOTOGRAPHE,2026-03-30
0.0,PHOTOGRAPHE,PHOTOGRAPHE,2026-03-30
0.0,FSF,PHOTOGRAPHE,2026-03-30
0.0,FSF,PHOTOGRAPHE,2026-03-30
0.0,photgraphe,PHOTOGRAPHE,2026-03-30
0.0,photgraphe,PHOTOGRAPHE,2026-03-30
0.0,photgraphe,PHOTOGRAPHE,2026-03-30
0.0,photgraphe,PHOTOGRAPHE,2026-03-30
0.0,PHOTOGRAPHE,PHOTOGRAPHE,2026-03-30
0.0,PHOTOGRAPHE,PHOTOGRAPHE,2026-03-30
0.0,FSF,PHOTOGRAPHE,2026-03-30
0.0,Photographe,PHOTOGRAPHE,2026-03-31
0.0,PHOTOGRAPHE,PHOTOGRAPHE,2026-03-31
0.0,PHOTOGRAPHE,PHOTOGRAPHE,2026-03-31
0.0,PHOTOGRAPHE,PHOTOGRAPHE,2026-03-31
0.0,PHOTOGRAPHE,PHOTOGRAPHE,2026-03-31
0.0,PHOTOGRAPHE,PHOTOGRAPHE,2026-03-31
0.0,PHOTOGRAPHE,PHOTOGRAPHE,2026-03-31
0.0,PHOTOGRAPHE,PHOTOGRAPHE,2026-03-31
0.0,photographe,PHOTOGRAPHE,2026-03-31
0.0,photographe,PHOTOGRAPHE,2026-03-31
0.0,photographe,PHOTOGRAPHE,2026-03-31
0.0,photographe,PHOTOGRAPHE,2026-03-31
0.0,photographe,PHOTOGRAPHE,2026-03-31
0.0,photographe,PHOTOGRAPHE,2026-03-31
0.0,photographe,PHOTOGRAPHE,2026-03-31
0.0,photographe,PHOTOGRAPHE,2026-03-31
20.0,Ministère de la jeunesse et des sports,MINISTERE DE LA JEUNESSE ET DES SPORTS,2026-03-23
0.0,superviseur,MINISTERE DE LA JEUNESSE ET DES SPORTS,2026-03-23
0.0,Ministère de la jeunesse et des sports,MINISTERE DE LA JEUNESSE ET DES SPORTS,2026-03-23
0.0,superviseur,MINISTERE DE LA JEUNESSE ET DES SPORTS,2026-03-23
0.0,superviseur,MINISTERE DE LA JEUNESSE ET DES SPORTS,2026-03-23
0.0,superviseur,MINISTERE DE LA JEUNESSE ET DES SPORTS,2026-03-23
0.0,superviseur,MINISTERE DE LA JEUNESSE ET DES SPORTS,2026-03-23
0.0,superviseur,MINISTERE DE LA JEUNESSE ET DES SPORTS,2026-03-23
0.0,superviseur,MINISTERE DE LA JEUNESSE ET DES SPORTS,2026-03-23
0.0,Ministère de la jeunesse et des sports,MINISTERE DE LA JEUNESSE ET DES SPORTS,2026-03-23
0.0,Ministère de la jeunesse et des sports,MINISTERE DE LA JEUNESSE ET DES SPORTS,2026-03-23
0.0,Ministère de la jeunesse et des sports,MINISTERE DE LA JEUNESSE ET DES SPORTS,2026-03-23
0.0,Ministère de la jeunesse et des sports,MINISTERE DE LA JEUNESSE ET DES SPORTS,2026-03-23
0.0,Ministère de la jeunesse et des sports,MINISTERE DE LA JEUNESSE ET DES SPORTS,2026-03-23
0.0,SUPERVISEUR,MINISTERE DE LA JEUNESSE ET DES SPORTS,2026-03-23
0.0,SUPERVISEUR,MINISTERE DE LA JEUNESSE ET DES SPORTS,2026-03-23
0.0,Ministère de la jeunesse et des sports,MINISTERE DE LA JEUNESSE ET DES SPORTS,2026-03-23
0.0,DIGITALE,MINISTERE DE LA JEUNESSE ET DES SPORTS,2026-03-23
0.0,DIGITALE,MINISTERE DE LA JEUNESSE ET DES SPORTS,2026-03-23
0.0,DIGITALE,MINISTERE DE LA JEUNESSE ET DES SPORTS,2026-03-23
23.0,Comité Exécutif,COMITE EXECUTIF,2026-03-23
0.0,Comité Exécutif,COMITE EXECUTIF,2026-03-23
0.0,Comité Exécutif,COMITE EXECUTIF,2026-03-23
0.0,Comité Exécutif,COMITE EXECUTIF,2026-03-23
0.0,Comité Exécutif,COMITE EXECUTIF,2026-03-23
0.0,Comité Exécutif,COMITE EXECUTIF,2026-03-23
0.0,Comité Exécutif,COMITE EXECUTIF,2026-03-23
0.0,Comité Exécutif,COMITE EXECUTIF,2026-03-23
0.0,Comité Exécutif,COMITE EXECUTIF,2026-03-23
0.0,Comité Exécutif,COMITE EXECUTIF,2026-03-23
0.0,Comité Exécutif,COMITE EXECUTIF,2026-03-23
0.0,Comité Exécutif,COMITE EXECUTIF,2026-03-23
0.0,Comité Exécutif,COMITE EXECUTIF,2026-03-23
0.0,Comité Exécutif,COMITE EXECUTIF,2026-03-23
0.0,Comité Exécutif,COMITE EXECUTIF,2026-03-23
0.0,Comité Exécutif,COMITE EXECUTIF,2026-03-23
0.0,Comité Exécutif,COMITE EXECUTIF,2026-03-23
0.0,COMEX AUDIT,COMITE EXECUTIF,2026-03-23
0.0,COMEX AUDIT,COMITE EXECUTIF,2026-03-23
0.0,COMEX AUDIT,COMITE EXECUTIF,2026-03-23
0.0,COMMITE EXECUTIF,COMITE EXECUTIF,2026-03-23
0.0,Comité Exécutif,COMITE EXECUTIF,2026-03-23
0.0,FSF,COMITE EXECUTIF,2026-03-23
0.0,Comité Exécutif,COMITE EXECUTIF,2026-03-23
5.0,Président Ligue Régionale,PRESIDENT LIGUE REGIONALE,2026-03-16
0.0,Président Ligue Régionale,PRESIDENT LIGUE REGIONALE,2026-03-16
0.0,Président Ligue Régionale,PRESIDENT LIGUE REGIONALE,2026-03-16
0.0,Président Ligue Régionale,PRESIDENT LIGUE REGIONALE,2026-03-16
0.0,Président Ligue Régionale,PRESIDENT LIGUE REGIONALE,2026-03-16
21.0,COMPTABILITE FSF,ADMINISTRATION FEDERALE,2026-03-16
0.0,COMPTABILITE FSF,ADMINISTRATION FEDERALE,2026-03-16
0.0,COMMISSION MARKETING,ADMINISTRATION FEDERALE,2026-03-16
0.0,SECRETAIRE GENERAL ADJOINT,ADMINISTRATION FEDERALE,2026-03-16
0.0,COMPTABILITE FSF,ADMINISTRATION FEDERALE,2026-03-16
0.0,DIRECTEUR DES CENTRES FSF,ADMINISTRATION FEDERALE,2026-03-16
0.0,ADMINISTRATION,ADMINISTRATION FEDERALE,2026-03-16
0.0,ASSISTANT COMMISSAIRE MATCH,ADMINISTRATION FEDERALE,2026-03-16
0.0,ADMINISTRATION,ADMINISTRATION FEDERALE,2026-03-16
0.0,DIRECTEUR FINANCIER,ADMINISTRATION FEDERALE,2026-03-16
0.0,SECRETAIRE GENERAL ADJOINT,ADMINISTRATION FEDERALE,2026-03-16
0.0,ADMINISTRATION,ADMINISTRATION FEDERALE,2026-03-16
0.0,RESPONSABLE COMPET INTER,ADMINISTRATION FEDERALE,2026-03-16
0.0,DIRECTEUR DES COMPETITIONS,ADMINISTRATION FEDERALE,2026-03-16
0.0,FSF,ADMINISTRATION FEDERALE,2026-03-16
0.0,FSF,ADMINISTRATION FEDERALE,2026-03-16
0.0,SECRETAIRE GENERAL ADJOINT,ADMINISTRATION FEDERALE,2026-03-16
0.0,FSF,ADMINISTRATION FEDERALE,2026-03-16
0.0,FSF,ADMINISTRATION FEDERALE,2026-03-16
0.0,FSF,ADMINISTRATION FEDERALE,2026-03-16
0.0,Chef Département Foot Féminin,ADMINISTRATION FEDERALE,2026-03-24
0.0,Directeur de Cabinet,ADMINISTRATION FEDERALE,2026-03-24
0.0,DTN,ADMINISTRATION FEDERALE,2026-03-30
65.0,JOUEUR SENEGAL,EQUIPE NATIONALE DU SENEGAL,2026-03-18
0.0,JOUEUR SENEGAL,EQUIPE NATIONALE DU SENEGAL,2026-03-18
0.0,JOUEUR SENEGAL,EQUIPE NATIONALE DU SENEGAL,2026-03-18
0.0,JOUEUR SENEGAL,EQUIPE NATIONALE DU SENEGAL,2026-03-18
0.0,JOUEUR SENEGAL,EQUIPE NATIONALE DU SENEGAL,2026-03-18
0.0,JOUEUR SENEGAL,EQUIPE NATIONALE DU SENEGAL,2026-03-18
0.0,JOUEUR SENEGAL,EQUIPE NATIONALE DU SENEGAL,2026-03-18
0.0,JOUEUR SENEGAL,EQUIPE NATIONALE DU SENEGAL,2026-03-18
0.0,JOUEUR SENEGAL,EQUIPE NATIONALE DU SENEGAL,2026-03-18
0.0,JOUEUR SENEGAL,EQUIPE NATIONALE DU SENEGAL,2026-03-18
0.0,JOUEUR SENEGAL,EQUIPE NATIONALE DU SENEGAL,2026-03-18
0.0,JOUEUR SENEGAL,EQUIPE NATIONALE DU SENEGAL,2026-03-18
0.0,JOUEUR SENEGAL,EQUIPE NATIONALE DU SENEGAL,2026-03-18
0.0,JOUEUR SENEGAL,EQUIPE NATIONALE DU SENEGAL,2026-03-18
0.0,JOUEUR SENEGAL,EQUIPE NATIONALE DU SENEGAL,2026-03-18
0.0,JOUEUR SENEGAL,EQUIPE NATIONALE DU SENEGAL,2026-03-18
0.0,JOUEUR SENEGAL,EQUIPE NATIONALE DU SENEGAL,2026-03-18
0.0,JOUEUR SENEGAL,EQUIPE NATIONALE DU SENEGAL,2026-03-18
0.0,JOUEUR SENEGAL,EQUIPE NATIONALE DU SENEGAL,2026-03-18
0.0,JOUEUR SENEGAL,EQUIPE NATIONALE DU SENEGAL,2026-03-18
0.0,JOUEUR SENEGAL,EQUIPE NATIONALE DU SENEGAL,2026-03-18
0.0,JOUEUR SENEGAL,EQUIPE NATIONALE DU SENEGAL,2026-03-18
0.0,JOUEUR SENEGAL,EQUIPE NATIONALE DU SENEGAL,2026-03-18
0.0,COACH PRINCIPAL,EQUIPE NATIONALE DU SENEGAL,2026-03-18
0.0,ENCADREMENT SENEGAL,EQUIPE NATIONALE DU SENEGAL,2026-03-18
0.0,ENCADREMENT SENEGAL,EQUIPE NATIONALE DU SENEGAL,2026-03-18
0.0,ENCADREMENT SENEGAL,EQUIPE NATIONALE DU SENEGAL,2026-03-18
0.0,ENCADREMENT SENEGAL,EQUIPE NATIONALE DU SENEGAL,2026-03-18
0.0,ENCADREMENT SENEGAL,EQUIPE NATIONALE DU SENEGAL,2026-03-18
0.0,ENCADREMENT SENEGAL,EQUIPE NATIONALE DU SENEGAL,2026-03-18
0.0,ENCADREMENT SENEGAL,EQUIPE NATIONALE DU SENEGAL,2026-03-18
0.0,ENCADREMENT SENEGAL,EQUIPE NATIONALE DU SENEGAL,2026-03-18
0.0,ENCADREMENT SENEGAL,EQUIPE NATIONALE DU SENEGAL,2026-03-18
0.0,ENCADREMENT SENEGAL,EQUIPE NATIONALE DU SENEGAL,2026-03-18
0.0,ENCADREMENT SENEGAL,EQUIPE NATIONALE DU SENEGAL,2026-03-18
0.0,ENCADREMENT SENEGAL,EQUIPE NATIONALE DU SENEGAL,2026-03-18
0.0,ENCADREMENT SENEGAL,EQUIPE NATIONALE DU SENEGAL,2026-03-18
0.0,ENCADREMENT SENEGAL,EQUIPE NATIONALE DU SENEGAL,2026-03-18
0.0,ENCADREMENT SENEGAL,EQUIPE NATIONALE DU SENEGAL,2026-03-18
0.0,ENCADREMENT SENEGAL,EQUIPE NATIONALE DU SENEGAL,2026-03-18
0.0,ENCADREMENT SENEGAL,EQUIPE NATIONALE DU SENEGAL,2026-03-18
0.0,ENCADREMENT SENEGAL,EQUIPE NATIONALE DU SENEGAL,2026-03-18
0.0,ENCADREMENT SENEGAL,EQUIPE NATIONALE DU SENEGAL,2026-03-18
0.0,ENCADREMENT SENEGAL,EQUIPE NATIONALE DU SENEGAL,2026-03-18
0.0,ENCADREMENT SENEGAL,EQUIPE NATIONALE DU SENEGAL,2026-03-18
0.0,ENCADREMENT SENEGAL,EQUIPE NATIONALE DU SENEGAL,2026-03-18
0.0,ENCADREMENT SENEGAL,EQUIPE NATIONALE DU SENEGAL,2026-03-18
0.0,ENCADREMENT SENEGAL,EQUIPE NATIONALE DU SENEGAL,2026-03-18
0.0,ENCADREMENT SENEGAL,EQUIPE NATIONALE DU SENEGAL,2026-03-18
0.0,ENCADREMENT SENEGAL,EQUIPE NATIONALE DU SENEGAL,2026-03-18
0.0,JOUEUR,EQUIPE NATIONALE DU SENEGAL,2026-03-31
0.0,JOUEUR,EQUIPE NATIONALE DU SENEGAL,2026-03-31
50.0,JOUEUR GAMBIE,EQUIPE NATIONALE GAMBIE,2026-03-18
0.0,JOUEUR GAMBIE,EQUIPE NATIONALE GAMBIE,2026-03-18
0.0,JOUEUR GAMBIE,EQUIPE NATIONALE GAMBIE,2026-03-18
0.0,JOUEUR GAMBIE,EQUIPE NATIONALE GAMBIE,2026-03-18
0.0,JOUEUR GAMBIE,EQUIPE NATIONALE GAMBIE,2026-03-18
0.0,JOUEUR GAMBIE,EQUIPE NATIONALE GAMBIE,2026-03-18
0.0,JOUEUR GAMBIE,EQUIPE NATIONALE GAMBIE,2026-03-18
0.0,JOUEUR GAMBIE,EQUIPE NATIONALE GAMBIE,2026-03-18
0.0,JOUEUR GAMBIE,EQUIPE NATIONALE GAMBIE,2026-03-18
0.0,JOUEUR GAMBIE,EQUIPE NATIONALE GAMBIE,2026-03-18
0.0,JOUEUR GAMBIE,EQUIPE NATIONALE GAMBIE,2026-03-18
0.0,JOUEUR GAMBIE,EQUIPE NATIONALE GAMBIE,2026-03-18
0.0,JOUEUR GAMBIE,EQUIPE NATIONALE GAMBIE,2026-03-18
0.0,JOUEUR GAMBIE,EQUIPE NATIONALE GAMBIE,2026-03-18
0.0,JOUEUR GAMBIE,EQUIPE NATIONALE GAMBIE,2026-03-18
0.0,JOUEUR GAMBIE,EQUIPE NATIONALE GAMBIE,2026-03-18
0.0,JOUEUR GAMBIE,EQUIPE NATIONALE GAMBIE,2026-03-18
0.0,JOUEUR GAMBIE,EQUIPE NATIONALE GAMBIE,2026-03-18
0.0,JOUEUR GAMBIE,EQUIPE NATIONALE GAMBIE,2026-03-18
0.0,JOUEUR GAMBIE,EQUIPE NATIONALE GAMBIE,2026-03-18
0.0,JOUEUR GAMBIE,EQUIPE NATIONALE GAMBIE,2026-03-18
0.0,JOUEUR GAMBIE,EQUIPE NATIONALE GAMBIE,2026-03-18
0.0,JOUEUR GAMBIE,EQUIPE NATIONALE GAMBIE,2026-03-18
0.0,ENCADREMENT GAMBIE,EQUIPE NATIONALE GAMBIE,2026-03-18
0.0,ENCADREMENT GAMBIE,EQUIPE NATIONALE GAMBIE,2026-03-18
0.0,ENCADREMENT GAMBIE,EQUIPE NATIONALE GAMBIE,2026-03-18
0.0,ENCADREMENT GAMBIE,EQUIPE NATIONALE GAMBIE,2026-03-18
0.0,ENCADREMENT GAMBIE,EQUIPE NATIONALE GAMBIE,2026-03-18
0.0,ENCADREMENT GAMBIE,EQUIPE NATIONALE GAMBIE,2026-03-18
0.0,ENCADREMENT GAMBIE,EQUIPE NATIONALE GAMBIE,2026-03-18
0.0,ENCADREMENT GAMBIE,EQUIPE NATIONALE GAMBIE,2026-03-18
0.0,ENCADREMENT GAMBIE,EQUIPE NATIONALE GAMBIE,2026-03-18
0.0,ENCADREMENT GAMBIE,EQUIPE NATIONALE GAMBIE,2026-03-18
0.0,ENCADREMENT GAMBIE,EQUIPE NATIONALE GAMBIE,2026-03-18
0.0,ENCADREMENT GAMBIE,EQUIPE NATIONALE GAMBIE,2026-03-18
0.0,ENCADREMENT GAMBIE,EQUIPE NATIONALE GAMBIE,2026-03-18
0.0,ENCADREMENT GAMBIE,EQUIPE NATIONALE GAMBIE,2026-03-18
0.0,ENCADREMENT GAMBIE,EQUIPE NATIONALE GAMBIE,2026-03-18
0.0,ENCADREMENT GAMBIE,EQUIPE NATIONALE GAMBIE,2026-03-18
0.0,ENCADREMENT GAMBIE,EQUIPE NATIONALE GAMBIE,2026-03-18
0.0,ENCADREMENT GAMBIE,EQUIPE NATIONALE GAMBIE,2026-03-18
0.0,ENCADREMENT GAMBIE,EQUIPE NATIONALE GAMBIE,2026-03-18
0.0,ENCADREMENT GAMBIE,EQUIPE NATIONALE GAMBIE,2026-03-18
0.0,ENCADREMENT GAMBIE,EQUIPE NATIONALE GAMBIE,2026-03-18
0.0,ENCADREMENT GAMBIE,EQUIPE NATIONALE GAMBIE,2026-03-18
0.0,ENCADREMENT GAMBIE,EQUIPE NATIONALE GAMBIE,2026-03-18
0.0,ENCADREMENT GAMBIE,EQUIPE NATIONALE GAMBIE,2026-03-18
0.0,ENCADREMENT GAMBIE,EQUIPE NATIONALE GAMBIE,2026-03-18
0.0,ENCADREMENT GAMBIE,EQUIPE NATIONALE GAMBIE,2026-03-18
0.0,COACH PRINCIPAL,EQUIPE NATIONALE GAMBIE,2026-03-18
78.0,SOGIP,SOGIP,2026-03-25
0.0,SOGIP,SOGIP,2026-03-25
0.0,SOGIP,SOGIP,2026-03-25
0.0,SOGIP,SOGIP,2026-03-25
0.0,SOGIP,SOGIP,2026-03-25
0.0,SOGIP,SOGIP,2026-03-25
0.0,SOGIP,SOGIP,2026-03-25
0.0,SOGIP,SOGIP,2026-03-25
0.0,SOGIP,SOGIP,2026-03-25
0.0,SOGIP,SOGIP,2026-03-25
0.0,SOGIP,SOGIP,2026-03-25
0.0,SOGIP,SOGIP,2026-03-25
0.0,SOGIP,SOGIP,2026-03-25
0.0,SOGIP,SOGIP,2026-03-25
0.0,SOGIP,SOGIP,2026-03-25
0.0,SOGIP,SOGIP,2026-03-25
0.0,SOGIP,SOGIP,2026-03-25
0.0,SOGIP,SOGIP,2026-03-25
0.0,SOGIP,SOGIP,2026-03-25
0.0,SOGIP,SOGIP,2026-03-25
0.0,SOGIP,SOGIP,2026-03-25
0.0,SOGIP,SOGIP,2026-03-25
0.0,SOGIP,SOGIP,2026-03-25
0.0,SOGIP,SOGIP,2026-03-25
0.0,SOGIP,SOGIP,2026-03-25
0.0,SOGIP,SOGIP,2026-03-25
0.0,SOGIP,SOGIP,2026-03-25
0.0,SOGIP,SOGIP,2026-03-25
0.0,SOGIP,SOGIP,2026-03-25
0.0,SOGIP,SOGIP,2026-03-25
0.0,SOGIP,SOGIP,2026-03-25
0.0,SOGIP,SOGIP,2026-03-25
0.0,SOGIP,SOGIP,2026-03-25
0.0,SOGIP,SOGIP,2026-03-25
0.0,SOGIP,SOGIP,2026-03-25
0.0,SOGIP,SOGIP,2026-03-25
0.0,SOGIP,SOGIP,2026-03-25
0.0,SOGIP,SOGIP,2026-03-25
0.0,SOGIP,SOGIP,2026-03-25
0.0,SOGIP,SOGIP,2026-03-25
0.0,SOGIP,SOGIP,2026-03-25
0.0,SOGIP,SOGIP,2026-03-25
0.0,SOGIP,SOGIP,2026-03-25
0.0,SOGIP,SOGIP,2026-03-25
0.0,SOGIP,SOGIP,2026-03-25
0.0,SOGIP,SOGIP,2026-03-25
0.0,SOGIP,SOGIP,2026-03-25
0.0,SOGIP,SOGIP,2026-03-25
0.0,SOGIP,SOGIP,2026-03-25
0.0,SOGIP,SOGIP,2026-03-25
0.0,SOGIP,SOGIP,2026-03-25
0.0,SOGIP,SOGIP,2026-03-25
0.0,SOGIP,SOGIP,2026-03-25
0.0,SOGIP,SOGIP,2026-03-25
0.0,SOGIP,SOGIP,2026-03-25
0.0,SOGIP,SOGIP,2026-03-25
0.0,SOGIP,SOGIP,2026-03-25
0.0,SOGIP,SOGIP,2026-03-25
0.0,SOGIP,SOGIP,2026-03-25
0.0,SOGIP,SOGIP,2026-03-25
0.0,SOGIP,SOGIP,2026-03-25
0.0,SOGIP,SOGIP,2026-03-25
0.0,SOGIP,SOGIP,2026-03-25
0.0,SOGIP,SOGIP,2026-03-25
0.0,SOGIP,SOGIP,2026-03-25
0.0,SOGIP,SOGIP,2026-03-25
0.0,SOGIP,SOGIP,2026-03-25
0.0,SOGIP,SOGIP,2026-03-25
0.0,SOGIP,SOGIP,2026-03-25
0.0,SOGIP,SOGIP,2026-03-25
0.0,SOGIP,SOGIP,2026-03-25
0.0,SOGIP,SOGIP,2026-03-25
0.0,SOGIP,SOGIP,2026-03-25
0.0,SOGIP,SOGIP,2026-03-25
0.0,SOGIP,SOGIP,2026-03-25
0.0,SOGIP,SOGIP,2026-03-25
0.0,SOGIP,SOGIP,2026-03-27
0.0,SOGIP,SOGIP,2026-03-27
0.0,SOGIP,SOGIP,2026-03-27
0.0,SOGIP,SOGIP,2026-03-27
0.0,SOGIP,SOGIP,2026-03-27
0.0,SOGIP,SOGIP,2026-03-27
0.0,CHAUFFEUR,SOGIP,2026-03-31
0.0,CHAUFFEUR,SOGIP,2026-03-31
13.0,ARBITRE,OFFICIEL CAF,2026-03-23
0.0,ARBITRE,OFFICIEL CAF,2026-03-23
0.0,ARBITRE,OFFICIEL CAF,2026-03-23
0.0,ARBITRE,OFFICIEL CAF,2026-03-23
0.0,COMMISSAIRE MATCH,OFFICIEL CAF,2026-03-23
0.0,ASSESSEUR,OFFICIEL CAF,2026-03-23
0.0,OFFICIER SECURITE,OFFICIEL CAF,2026-03-23
0.0,BVM,OFFICIEL CAF,2026-03-23
0.0,ANTI DOPAGE,OFFICIEL CAF,2026-03-23
0.0,DATA COLLECTOR,OFFICIEL CAF,2026-03-23
0.0,FIFA,OFFICIEL CAF,2026-03-23
0.0,FIFA,OFFICIEL CAF,2026-03-23
0.0,BVM,OFFICIEL CAF,2026-03-23
4.0,Ethique Fair-Play,COMMISSION ETHIQUE FAIR-PLAY,2026-03-24
0.0,Ethique Fair-Play,COMMISSION ETHIQUE FAIR-PLAY,2026-03-24
0.0,Ethique Fair-Play,COMMISSION ETHIQUE FAIR-PLAY,2026-03-24
0.0,Ethique Fair-Play,COMMISSION ETHIQUE FAIR-PLAY,2026-03-24
32.0,Commission communication,COMMISSION COMMUNICATION,2026-03-23
0.0,COMMUNICATION,COMMISSION COMMUNICATION,2026-03-23
0.0,COMMUNICATION,COMMISSION COMMUNICATION,2026-03-23
0.0,COMMUNICATION,COMMISSION COMMUNICATION,2026-03-23
0.0,COMMUNICATION,COMMISSION COMMUNICATION,2026-03-23
0.0,COMMUNICATION,COMMISSION COMMUNICATION,2026-03-23
0.0,COMMUNICATION,COMMISSION COMMUNICATION,2026-03-23
0.0,COMMUNICATION,COMMISSION COMMUNICATION,2026-03-23
0.0,COMMUNICATION,COMMISSION COMMUNICATION,2026-03-23
0.0,COMMUNICATION,COMMISSION COMMUNICATION,2026-03-23
0.0,COMMUNICATION,COMMISSION COMMUNICATION,2026-03-23
0.0,COMMUNICATION,COMMISSION COMMUNICATION,2026-03-23
0.0,COMMUNICATION,COMMISSION COMMUNICATION,2026-03-23
0.0,Commission Communication,COMMISSION COMMUNICATION,2026-03-23
0.0,Commission Communication,COMMISSION COMMUNICATION,2026-03-23
0.0,Commission Communication,COMMISSION COMMUNICATION,2026-03-23
0.0,Commission Communication,COMMISSION COMMUNICATION,2026-03-23
0.0,Commission Communication,COMMISSION COMMUNICATION,2026-03-23
0.0,Commission Communication,COMMISSION COMMUNICATION,2026-03-23
0.0,Commission Communication,COMMISSION COMMUNICATION,2026-03-23
0.0,Commission Communication,COMMISSION COMMUNICATION,2026-03-23
0.0,Commission Communication,COMMISSION COMMUNICATION,2026-03-23
0.0,Commission Communication,COMMISSION COMMUNICATION,2026-03-23
0.0,Communication,COMMISSION COMMUNICATION,2026-03-26
0.0,Communication,COMMISSION COMMUNICATION,2026-03-26
0.0,Communication,COMMISSION COMMUNICATION,2026-03-26
0.0,Communication,COMMISSION COMMUNICATION,2026-03-26
0.0,PHOTOGRAPHE,COMMISSION COMMUNICATION,2026-03-31
0.0,PHOTOGRAPHE,COMMISSION COMMUNICATION,2026-03-31
0.0,PHOTOGRAPHE,COMMISSION COMMUNICATION,2026-03-31
0.0,PHOTOGRAPHE,COMMISSION COMMUNICATION,2026-03-31
0.0,PHOTOGRAPHE,COMMISSION COMMUNICATION,2026-03-31
0.0,PHOTOGRAPHE,COMMISSION COMMUNICATION,2026-03-31
42.0,HOSPITALITE,HOSPITALITE,2026-03-24
0.0,HOSPITALITE,HOSPITALITE,2026-03-24
0.0,HOSPITALITE,HOSPITALITE,2026-03-24
0.0,HOSPITALITE,HOSPITALITE,2026-03-24
0.0,HOSPITALITE,HOSPITALITE,2026-03-24
0.0,HOSPITALITE,HOSPITALITE,2026-03-24
0.0,HOSPITALITE,HOSPITALITE,2026-03-24
0.0,HOSPITALITE,HOSPITALITE,2026-03-24
0.0,HOSPITALITE,HOSPITALITE,2026-03-24
0.0,HOSPITALITE,HOSPITALITE,2026-03-24
0.0,HOSPITALITE,HOSPITALITE,2026-03-24
0.0,HOSPITALITE,HOSPITALITE,2026-03-24
0.0,HOSPITALITE,HOSPITALITE,2026-03-24
0.0,HOSPITALITE,HOSPITALITE,2026-03-24
0.0,HOSPITALITE,HOSPITALITE,2026-03-24
0.0,HOSPITALITE,HOSPITALITE,2026-03-24
0.0,HOSPITALITE,HOSPITALITE,2026-03-24
0.0,HOSPITALITE,HOSPITALITE,2026-03-24
0.0,HOSPITALITE,HOSPITALITE,2026-03-24
0.0,HOSPITALITE,HOSPITALITE,2026-03-24
0.0,HOSPITALITE,HOSPITALITE,2026-03-24
0.0,HOSPITALITE,HOSPITALITE,2026-03-24
0.0,HOSPITALITE,HOSPITALITE,2026-03-24
0.0,HOSPITALITE,HOSPITALITE,2026-03-24
0.0,HOSPITALITE,HOSPITALITE,2026-03-24
0.0,HOSPITALITE,HOSPITALITE,2026-03-24
0.0,HOSPITALITE,HOSPITALITE,2026-03-24
0.0,HOSPITALITE,HOSPITALITE,2026-03-24
0.0,HOSPITALITE,HOSPITALITE,2026-03-24
0.0,HOSPITALITE,HOSPITALITE,2026-03-24
0.0,HOSPITALITE,HOSPITALITE,2026-03-24
0.0,HOSPITALITE,HOSPITALITE,2026-03-24
0.0,HOSPITALITE,HOSPITALITE,2026-03-24
0.0,HOSPITALITE,HOSPITALITE,2026-03-24
0.0,HOSPITALITE,HOSPITALITE,2026-03-24
0.0,HOSPITALITE,HOSPITALITE,2026-03-24
0.0,HOSPITALITE,HOSPITALITE,2026-03-24
0.0,HOSPITALITE,HOSPITALITE,2026-03-24
0.0,HOSPITALITE,HOSPITALITE,2026-03-24
0.0,HOSPITALITE,HOSPITALITE,2026-03-24
0.0,HOSPITALITE,HOSPITALITE,2026-03-24
0.0,HOSPITALITE,HOSPITALITE,2026-03-24
0.0,FSF,HOSPITALITE,2026-03-30
0.0,FSF,HOSPITALITE,2026-03-30
19.0,Commission Marketing,COMMISSION MARKETING,2026-03-24
0.0,Commission Marketing,COMMISSION MARKETING,2026-03-24
0.0,Commission Marketing,COMMISSION MARKETING,2026-03-24
0.0,Commission Marketing,COMMISSION MARKETING,2026-03-24
0.0,Commission Marketing,COMMISSION MARKETING,2026-03-24
0.0,Commission Marketing,COMMISSION MARKETING,2026-03-24
0.0,Commission Marketing,COMMISSION MARKETING,2026-03-24
0.0,Commission Marketing,COMMISSION MARKETING,2026-03-24
0.0,Commission Marketing,COMMISSION MARKETING,2026-03-24
0.0,Commission Marketing,COMMISSION MARKETING,2026-03-24
0.0,Commission Marketing,COMMISSION MARKETING,2026-03-24
0.0,Commission Marketing,COMMISSION MARKETING,2026-03-24
0.0,Commission Marketing,COMMISSION MARKETING,2026-03-24
0.0,Commission Marketing,COMMISSION MARKETING,2026-03-24
0.0,Marketing,COMMISSION MARKETING,2026-03-24
0.0,Marketing,COMMISSION MARKETING,2026-03-24
0.0,Marketing,COMMISSION MARKETING,2026-03-24
0.0,Marketing,COMMISSION MARKETING,2026-03-24
0.0,Marketing,COMMISSION MARKETING,2026-03-24
0.0,FSF,COMMISSION MARKETING,2026-03-25
0.0,commission marketing,COMMISSION MARKETING,2026-03-30
0.0,FSF,COMMISSION MARKETING,2026-03-30
0.0,CHAUFFEUR,COMMISSION MARKETING,2026-03-31
0.0,ARTISTE,COMMISSION MARKETING,2026-03-31
0.0,ARTISTE,COMMISSION MARKETING,2026-03-31
0.0,ARTISTE,COMMISSION MARKETING,2026-03-31
0.0,ARTISTE,COMMISSION MARKETING,2026-03-31
0.0,ARTISTE,COMMISSION MARKETING,2026-03-31
0.0,ARTISTE,COMMISSION MARKETING,2026-03-31
0.0,ARTISTE,COMMISSION MARKETING,2026-03-31
0.0,ARTISTE,COMMISSION MARKETING,2026-03-31
0.0,ARTISTE,COMMISSION MARKETING,2026-03-31
0.0,ARTISTE,COMMISSION MARKETING,2026-03-31
0.0,ARTISTE,COMMISSION MARKETING,2026-03-31
0.0,ARTISTE,COMMISSION MARKETING,2026-03-31
0.0,ARTISTE,COMMISSION MARKETING,2026-03-31
0.0,ARTISTE-ELJAZ,COMMISSION MARKETING,2026-03-31
0.0,ARTISTE-ELJAZ,COMMISSION MARKETING,2026-03-31
0.0,ARTISTE-ELJAZ,COMMISSION MARKETING,2026-03-31
0.0,ARTISTE-ELJAZ,COMMISSION MARKETING,2026-03-31
0.0,ARTISTE-ELJAZ,COMMISSION MARKETING,2026-03-31
0.0,DJ BOUBS,COMMISSION MARKETING,2026-03-31
0.0,ARTISTE-PAPE DIOUF,COMMISSION MARKETING,2026-03-31
0.0,ARTISTE-BAABA MAAL,COMMISSION MARKETING,2026-03-31
0.0,ARTISTE-MIA GUISSE,COMMISSION MARKETING,2026-03-31
0.0,ARTISTE-VIVIANE,COMMISSION MARKETING,2026-03-31
0.0,TECHNICIEN VIDEOS,COMMISSION MARKETING,2026-03-31
0.0,TECHNICIEN VIDEOS,COMMISSION MARKETING,2026-03-31
0.0,TECHNICIEN VIDEOS,COMMISSION MARKETING,2026-03-31
0.0,TECHNICIEN VIDEOS,COMMISSION MARKETING,2026-03-31
0.0,TECHNICIEN VIDEOS,COMMISSION MARKETING,2026-03-31
0.0,TECHNICIEN VIDEOS,COMMISSION MARKETING,2026-03-31
0.0,TECHNICIEN VIDEOS,COMMISSION MARKETING,2026-03-31
0.0,TECHNICIEN VIDEOS,COMMISSION MARKETING,2026-03-31
0.0,TECHNICIEN VIDEOS,COMMISSION MARKETING,2026-03-31
0.0,TECHNICIEN SON,COMMISSION MARKETING,2026-03-31
0.0,TECHNICIEN SON,COMMISSION MARKETING,2026-03-31
0.0,TECHNICIEN SON,COMMISSION MARKETING,2026-03-31
0.0,TECHNICIEN SON,COMMISSION MARKETING,2026-03-31
0.0,TECHNICIEN SON,COMMISSION MARKETING,2026-03-31
0.0,TECHNICIEN SON,COMMISSION MARKETING,2026-03-31
0.0,TECHNICIEN SON,COMMISSION MARKETING,2026-03-31
0.0,TECHNICIEN SON,COMMISSION MARKETING,2026-03-31
0.0,TECHNICIEN SON,COMMISSION MARKETING,2026-03-31
0.0,TECHNICIEN SON,COMMISSION MARKETING,2026-03-31
0.0,TECHNICIEN SON,COMMISSION MARKETING,2026-03-31
0.0,TECHNICIEN SON,COMMISSION MARKETING,2026-03-31
0.0,TECHNICIEN SON,COMMISSION MARKETING,2026-03-31
0.0,TECHNICIEN SON,COMMISSION MARKETING,2026-03-31
0.0,TECHNICIEN SON,COMMISSION MARKETING,2026-03-31
0.0,F5,COMMISSION MARKETING,2026-03-31
0.0,F5,COMMISSION MARKETING,2026-03-31
0.0,F5,COMMISSION MARKETING,2026-03-31
0.0,F5,COMMISSION MARKETING,2026-03-31
0.0,F5,COMMISSION MARKETING,2026-03-31
0.0,F5,COMMISSION MARKETING,2026-03-31
0.0,F5,COMMISSION MARKETING,2026-03-31
0.0,F5,COMMISSION MARKETING,2026-03-31
0.0,ARTISTE,COMMISSION MARKETING,2026-03-31
0.0,ARTISTE,COMMISSION MARKETING,2026-03-31
0.0,ARTISTE,COMMISSION MARKETING,2026-03-31
0.0,ARTISTE,COMMISSION MARKETING,2026-03-31
0.0,ARTISTE,COMMISSION MARKETING,2026-03-31
0.0,ARTISTE-ABBA ,COMMISSION MARKETING,2026-03-31
0.0,ARTISTE-ABBA ,COMMISSION MARKETING,2026-03-31
0.0,ARTISTE-ABBA ,COMMISSION MARKETING,2026-03-31
0.0,ARTISTE-ABBA ,COMMISSION MARKETING,2026-03-31
0.0,photographe,COMMISSION MARKETING,2026-03-31
42.0,Commission Médicale,COMMISSION MEDICALE,2026-03-23
0.0,Commission Médicale,COMMISSION MEDICALE,2026-03-23
0.0,Commission Médicale,COMMISSION MEDICALE,2026-03-23
0.0,Commission Médicale,COMMISSION MEDICALE,2026-03-23
0.0,Commission Médicale,COMMISSION MEDICALE,2026-03-23
0.0,Commission Médicale,COMMISSION MEDICALE,2026-03-23
0.0,Commission Médicale,COMMISSION MEDICALE,2026-03-23
0.0,Commission Médicale,COMMISSION MEDICALE,2026-03-23
0.0,Commission Médicale,COMMISSION MEDICALE,2026-03-23
0.0,Commission Médicale,COMMISSION MEDICALE,2026-03-23
0.0,Commission Médicale,COMMISSION MEDICALE,2026-03-23
0.0,Commission Médicale,COMMISSION MEDICALE,2026-03-23
0.0,Commission Médicale,COMMISSION MEDICALE,2026-03-23
0.0,Commission Médicale,COMMISSION MEDICALE,2026-03-23
0.0,Commission Médicale,COMMISSION MEDICALE,2026-03-23
0.0,Commission Médicale,COMMISSION MEDICALE,2026-03-23
0.0,Commission Médicale,COMMISSION MEDICALE,2026-03-23
0.0,Commission Médicale,COMMISSION MEDICALE,2026-03-23
0.0,Commission Médicale,COMMISSION MEDICALE,2026-03-23
0.0,Commission Médicale,COMMISSION MEDICALE,2026-03-23
0.0,Commission Médicale,COMMISSION MEDICALE,2026-03-23
0.0,Commission Médicale,COMMISSION MEDICALE,2026-03-23
0.0,Commission Médicale,COMMISSION MEDICALE,2026-03-23
0.0,Commission Médicale,COMMISSION MEDICALE,2026-03-23
0.0,Commission Médicale,COMMISSION MEDICALE,2026-03-23
0.0,Commission Médicale,COMMISSION MEDICALE,2026-03-23
0.0,Commission Médicale,COMMISSION MEDICALE,2026-03-23
0.0,Commission Médicale,COMMISSION MEDICALE,2026-03-23
0.0,Commission Médicale,COMMISSION MEDICALE,2026-03-23
0.0,Commission Médicale,COMMISSION MEDICALE,2026-03-23
0.0,Commission Médicale,COMMISSION MEDICALE,2026-03-23
0.0,Commission Médicale,COMMISSION MEDICALE,2026-03-23
0.0,MEDICAL,COMMISSION MEDICALE,2026-03-31
0.0,MEDICAL,COMMISSION MEDICALE,2026-03-31
0.0,MEDICAL,COMMISSION MEDICALE,2026-03-31
0.0,MEDICAL,COMMISSION MEDICALE,2026-03-31
0.0,MEDICAL,COMMISSION MEDICALE,2026-03-31
0.0,MEDICAL,COMMISSION MEDICALE,2026-03-31
0.0,MEDICAL,COMMISSION MEDICALE,2026-03-31
0.0,MEDICAL,COMMISSION MEDICALE,2026-03-31
0.0,MEDICAL,COMMISSION MEDICALE,2026-03-31
0.0,MEDICAL,COMMISSION MEDICALE,2026-03-31
61.0,RTS,RTS,2026-03-19
109.0,FSF,COMMISSION ORGANISATION,2026-03-10
0.0,FSF,COMMISSION ORGANISATION,2026-03-18
0.0,FSF,COMMISSION ORGANISATION,2026-03-18
0.0,FSF,COMMISSION ORGANISATION,2026-03-18
0.0,FSF,COMMISSION ORGANISATION,2026-03-18
0.0,FSF,COMMISSION ORGANISATION,2026-03-18
0.0,FSF,COMMISSION ORGANISATION,2026-03-18
0.0,FSF,COMMISSION ORGANISATION,2026-03-18
0.0,FSF,COMMISSION ORGANISATION,2026-03-18
0.0,FSF,COMMISSION ORGANISATION,2026-03-18
0.0,FSF,COMMISSION ORGANISATION,2026-03-18
0.0,FSF,COMMISSION ORGANISATION,2026-03-18
0.0,FSF,COMMISSION ORGANISATION,2026-03-18
0.0,FSF,COMMISSION ORGANISATION,2026-03-18
0.0,FSF,COMMISSION ORGANISATION,2026-03-18
0.0,FSF,COMMISSION ORGANISATION,2026-03-18
0.0,FSF,COMMISSION ORGANISATION,2026-03-18
0.0,FSF,COMMISSION ORGANISATION,2026-03-18
0.0,FSF,COMMISSION ORGANISATION,2026-03-18
0.0,FSF,COMMISSION ORGANISATION,2026-03-18
0.0,FSF,COMMISSION ORGANISATION,2026-03-18
0.0,FSF,COMMISSION ORGANISATION,2026-03-18
0.0,FSF,COMMISSION ORGANISATION,2026-03-18
0.0,FSF,COMMISSION ORGANISATION,2026-03-18
0.0,FSF,COMMISSION ORGANISATION,2026-03-18
0.0,FSF,COMMISSION ORGANISATION,2026-03-18
0.0,FSF,COMMISSION ORGANISATION,2026-03-18
0.0,FSF,COMMISSION ORGANISATION,2026-03-18
0.0,FSF,COMMISSION ORGANISATION,2026-03-18
0.0,FSF,COMMISSION ORGANISATION,2026-03-18
0.0,FSF,COMMISSION ORGANISATION,2026-03-18
0.0,FSF,COMMISSION ORGANISATION,2026-03-18
0.0,FSF,COMMISSION ORGANISATION,2026-03-18
0.0,FSF,COMMISSION ORGANISATION,2026-03-18
0.0,FSF,COMMISSION ORGANISATION,2026-03-18
0.0,FSF,COMMISSION ORGANISATION,2026-03-18
0.0,FSF,COMMISSION ORGANISATION,2026-03-18
0.0,FSF,COMMISSION ORGANISATION,2026-03-18
0.0,FSF,COMMISSION ORGANISATION,2026-03-23
0.0,FSF,COMMISSION ORGANISATION,2026-03-23
0.0,FSF,COMMISSION ORGANISATION,2026-03-23
0.0,FSF,COMMISSION ORGANISATION,2026-03-23
0.0,FSF,COMMISSION ORGANISATION,2026-03-23
0.0,FSF,COMMISSION ORGANISATION,2026-03-23
0.0,FSF,COMMISSION ORGANISATION,2026-03-23
0.0,FSF,COMMISSION ORGANISATION,2026-03-23
0.0,FSF,COMMISSION ORGANISATION,2026-03-23
0.0,FSF,COMMISSION ORGANISATION,2026-03-23
0.0,FSF,COMMISSION ORGANISATION,2026-03-23
0.0,FSF,COMMISSION ORGANISATION,2026-03-23
0.0,FSF,COMMISSION ORGANISATION,2026-03-23
0.0,FSF,COMMISSION ORGANISATION,2026-03-23
0.0,FSF,COMMISSION ORGANISATION,2026-03-23
0.0,FSF,COMMISSION ORGANISATION,2026-03-23
0.0,FSF,COMMISSION ORGANISATION,2026-03-23
0.0,FSF,COMMISSION ORGANISATION,2026-03-23
0.0,FSF,COMMISSION ORGANISATION,2026-03-23
0.0,FSF,COMMISSION ORGANISATION,2026-03-23
0.0,FSF,COMMISSION ORGANISATION,2026-03-23
0.0,FSF,COMMISSION ORGANISATION,2026-03-23
0.0,FSF,COMMISSION ORGANISATION,2026-03-23
0.0,FSF,COMMISSION ORGANISATION,2026-03-23
0.0,FSF,COMMISSION ORGANISATION,2026-03-23
0.0,FSF,COMMISSION ORGANISATION,2026-03-23
0.0,FSF,COMMISSION ORGANISATION,2026-03-23
0.0,FSF,COMMISSION ORGANISATION,2026-03-23
0.0,FSF,COMMISSION ORGANISATION,2026-03-23
0.0,FSF,COMMISSION ORGANISATION,2026-03-23
0.0,FSF,COMMISSION ORGANISATION,2026-03-23
0.0,FSF,COMMISSION ORGANISATION,2026-03-23
0.0,FSF,COMMISSION ORGANISATION,2026-03-23
0.0,FSF,COMMISSION ORGANISATION,2026-03-23
0.0,FSF,COMMISSION ORGANISATION,2026-03-23
0.0,FSF,COMMISSION ORGANISATION,2026-03-23
0.0,FSF,COMMISSION ORGANISATION,2026-03-23
0.0,FSF,COMMISSION ORGANISATION,2026-03-23
0.0,FSF,COMMISSION ORGANISATION,2026-03-23
0.0,FSF,COMMISSION ORGANISATION,2026-03-23
0.0,FSF,COMMISSION ORGANISATION,2026-03-23
0.0,FSF,COMMISSION ORGANISATION,2026-03-23
0.0,FSF,COMMISSION ORGANISATION,2026-03-23
0.0,FSF,COMMISSION ORGANISATION,2026-03-23
0.0,FSF,COMMISSION ORGANISATION,2026-03-23
0.0,FSF,COMMISSION ORGANISATION,2026-03-23
0.0,FSF,COMMISSION ORGANISATION,2026-03-23
0.0,FSF,COMMISSION ORGANISATION,2026-03-23
0.0,FSF,COMMISSION ORGANISATION,2026-03-23
0.0,FSF,COMMISSION ORGANISATION,2026-03-23
0.0,FSF,COMMISSION ORGANISATION,2026-03-23
0.0,FSF,COMMISSION ORGANISATION,2026-03-23
0.0,FSF,COMMISSION ORGANISATION,2026-03-23
0.0,FSF,COMMISSION ORGANISATION,2026-03-23
0.0,FSF,COMMISSION ORGANISATION,2026-03-23
0.0,FSF,COMMISSION ORGANISATION,2026-03-23
0.0,FSF,COMMISSION ORGANISATION,2026-03-23
0.0,FSF,COMMISSION ORGANISATION,2026-03-23
0.0,FSF,COMMISSION ORGANISATION,2026-03-23
0.0,FSF,COMMISSION ORGANISATION,2026-03-23
0.0,FSF,COMMISSION ORGANISATION,2026-03-23
0.0,FSF,COMMISSION ORGANISATION,2026-03-23
0.0,FSF,COMMISSION ORGANISATION,2026-03-23
0.0,FSF,COMMISSION ORGANISATION,2026-03-23
0.0,FSF,COMMISSION ORGANISATION,2026-03-23
0.0,FSF,COMMISSION ORGANISATION,2026-03-23
0.0,FSF,COMMISSION ORGANISATION,2026-03-23
0.0,FSF,COMMISSION ORGANISATION,2026-03-23
0.0,Coordonnateur,COMMISSION ORGANISATION,2026-03-24
0.0,DEM DIKK,COMMISSION ORGANISATION,2026-03-25
0.0,commission organisation,COMMISSION ORGANISATION,2026-03-30
0.0,commission organisation,COMMISSION ORGANISATION,2026-03-30
0.0,commission organisation,COMMISSION ORGANISATION,2026-03-30
0.0,SUPERVISEUR,COMMISSION ORGANISATION,2026-03-30
0.0,,COMMISSION ORGANISATION,2026-03-30
0.0,SETER,COMMISSION ORGANISATION,2026-03-30
0.0,SETER,COMMISSION ORGANISATION,2026-03-30
0.0,SETER,COMMISSION ORGANISATION,2026-03-30
0.0,SETER,COMMISSION ORGANISATION,2026-03-30
0.0,SETER,COMMISSION ORGANISATION,2026-03-30
0.0,SETER,COMMISSION ORGANISATION,2026-03-30
0.0,TRAITEUR,COMMISSION ORGANISATION,2026-03-30
0.0,commission d'organisation,COMMISSION ORGANISATION,2026-03-30
0.0,commission d'organisation,COMMISSION ORGANISATION,2026-03-30
0.0,commission d'organisation,COMMISSION ORGANISATION,2026-03-30
0.0,commission d'organisation,COMMISSION ORGANISATION,2026-03-30
0.0,commission d'organisation,COMMISSION ORGANISATION,2026-03-30
0.0,commission d'organisation,COMMISSION ORGANISATION,2026-03-30
0.0,commission d'organisation,COMMISSION ORGANISATION,2026-03-30
0.0,commission d'organisation,COMMISSION ORGANISATION,2026-03-30
0.0,commission d'organisation,COMMISSION ORGANISATION,2026-03-30
0.0,commission d'organisation,COMMISSION ORGANISATION,2026-03-30
0.0,commission d'organisation,COMMISSION ORGANISATION,2026-03-30
0.0,TRAITEUR,COMMISSION ORGANISATION,2026-03-30
0.0,TRAITEUR,COMMISSION ORGANISATION,2026-03-30
0.0,TRAITEUR,COMMISSION ORGANISATION,2026-03-30
0.0,SUPERVISEUR,COMMISSION ORGANISATION,2026-03-30
0.0,SUPERVISEUR,COMMISSION ORGANISATION,2026-03-30
0.0,Superviseur,COMMISSION ORGANISATION,2026-03-30
0.0,Superviseur,COMMISSION ORGANISATION,2026-03-30
0.0,SUPERVISEUR,COMMISSION ORGANISATION,2026-03-30
0.0,Superviseur,COMMISSION ORGANISATION,2026-03-30
0.0,superviseur,COMMISSION ORGANISATION,2026-03-30
0.0,superviseur,COMMISSION ORGANISATION,2026-03-30
0.0,SUPERVISEUR,COMMISSION ORGANISATION,2026-03-31
0.0,Hospitalité,COMMISSION ORGANISATION,2026-03-31
0.0,Hospitalité,COMMISSION ORGANISATION,2026-03-31
0.0,TRAITEUR,COMMISSION ORGANISATION,2026-03-31
23.0,COORDINATEUR PROTOCOLE,COMMISSION PROTOCOLE,2026-03-24
0.0,PROTOCOLE,COMMISSION PROTOCOLE,2026-03-24
0.0,PROTOCOLE,COMMISSION PROTOCOLE,2026-03-24
0.0,PROTOCOLE,COMMISSION PROTOCOLE,2026-03-24
0.0,HOTESSE ACCUEIL,COMMISSION PROTOCOLE,2026-03-24
0.0,HOTESSE ACCUEIL,COMMISSION PROTOCOLE,2026-03-24
0.0,HOTESSE ACCUEIL,COMMISSION PROTOCOLE,2026-03-24
0.0,HOTESSE ACCUEIL,COMMISSION PROTOCOLE,2026-03-24
0.0,HOTESSE ACCUEIL,COMMISSION PROTOCOLE,2026-03-24
0.0,HOTESSE ACCUEIL,COMMISSION PROTOCOLE,2026-03-24
0.0,HOTESSE ACCUEIL,COMMISSION PROTOCOLE,2026-03-24
0.0,HOTESSE ACCUEIL,COMMISSION PROTOCOLE,2026-03-24
0.0,HOTESSE ACCUEIL,COMMISSION PROTOCOLE,2026-03-24
0.0,HOTESSE ACCUEIL,COMMISSION PROTOCOLE,2026-03-24
0.0,HOTESSE ACCUEIL,COMMISSION PROTOCOLE,2026-03-24
0.0,HOTESSE ACCUEIL,COMMISSION PROTOCOLE,2026-03-24
0.0,HOTESSE ACCUEIL,COMMISSION PROTOCOLE,2026-03-24
0.0,ACCUEIL ORIENTATION,COMMISSION PROTOCOLE,2026-03-24
0.0,ACCUEIL ORIENTATION,COMMISSION PROTOCOLE,2026-03-24
0.0,ACCUEIL ORIENTATION,COMMISSION PROTOCOLE,2026-03-24
0.0,HOTESSE ACCEUIL,COMMISSION PROTOCOLE,2026-03-24
0.0,RLO,COMMISSION PROTOCOLE,2026-03-24
0.0,TLO,COMMISSION PROTOCOLE,2026-03-24
47.0,Commission Sécurité,COMMISSION SECURITE,2026-03-23
0.0,Commission Sécurité,COMMISSION SECURITE,2026-03-23
0.0,Commission Sécurité,COMMISSION SECURITE,2026-03-23
0.0,Commission Sécurité,COMMISSION SECURITE,2026-03-23
0.0,Commission Sécurité,COMMISSION SECURITE,2026-03-23
0.0,Commission Sécurité,COMMISSION SECURITE,2026-03-23
0.0,Commission Sécurité,COMMISSION SECURITE,2026-03-23
0.0,Commission Sécurité,COMMISSION SECURITE,2026-03-23
0.0,Commission Sécurité,COMMISSION SECURITE,2026-03-23
0.0,Commission Sécurité,COMMISSION SECURITE,2026-03-23
0.0,Commission Sécurité,COMMISSION SECURITE,2026-03-23
0.0,Commission Sécurité,COMMISSION SECURITE,2026-03-23
0.0,SECURITE,COMMISSION SECURITE,2026-03-31
0.0,SECURITE,COMMISSION SECURITE,2026-03-31
0.0,SECURITE,COMMISSION SECURITE,2026-03-31
0.0,SECURITE,COMMISSION SECURITE,2026-03-31
0.0,SECURITE,COMMISSION SECURITE,2026-03-31
0.0,SECURITE,COMMISSION SECURITE,2026-03-31
0.0,SECURITE,COMMISSION SECURITE,2026-03-31
0.0,SECURITE,COMMISSION SECURITE,2026-03-31
0.0,SECURITE,COMMISSION SECURITE,2026-03-31
0.0,SECURITE,COMMISSION SECURITE,2026-03-31
0.0,SECURITE,COMMISSION SECURITE,2026-03-31
0.0,SECURITE,COMMISSION SECURITE,2026-03-31
0.0,SECURITE,COMMISSION SECURITE,2026-03-31
0.0,SECURITE,COMMISSION SECURITE,2026-03-31
0.0,SECURITE,COMMISSION SECURITE,2026-03-31
0.0,SECURITE,COMMISSION SECURITE,2026-03-31
0.0,SECURITE,COMMISSION SECURITE,2026-03-31
0.0,SECURITE,COMMISSION SECURITE,2026-03-31
0.0,SECURITE,COMMISSION SECURITE,2026-03-31
0.0,SECURITE,COMMISSION SECURITE,2026-03-31
0.0,SECURITE,COMMISSION SECURITE,2026-03-31
0.0,SECURITE,COMMISSION SECURITE,2026-03-31
0.0,SECURITE,COMMISSION SECURITE,2026-03-31
0.0,SECURITE,COMMISSION SECURITE,2026-03-31
0.0,SECURITE,COMMISSION SECURITE,2026-03-31
0.0,SECURITE,COMMISSION SECURITE,2026-03-31
0.0,SECURITE,COMMISSION SECURITE,2026-03-31
0.0,SECURITE,COMMISSION SECURITE,2026-03-31
0.0,SECURITE,COMMISSION SECURITE,2026-03-31
0.0,SECURITE,COMMISSION SECURITE,2026-03-31
0.0,SECURITE,COMMISSION SECURITE,2026-03-31
0.0,SECURITE,COMMISSION SECURITE,2026-03-31
0.0,SECURITE,COMMISSION SECURITE,2026-03-31
0.0,SECURITE,COMMISSION SECURITE,2026-03-31
0.0,SECURITE,COMMISSION SECURITE,2026-03-31
5.0, ,SENELEC,2026-03-25
0.0,SENELEC,SENELEC,2026-03-25
0.0,SENELEC,SENELEC,2026-03-25
0.0,SENELEC,SENELEC,2026-03-25
0.0,SENELEC,SENELEC,2026-03-25
45.0,ORANGE,SPONSOR,2026-03-26
0.0,ORANGE,SPONSOR,2026-03-26
0.0,ORANGE,SPONSOR,2026-03-26
0.0,ORANGE,SPONSOR,2026-03-26
0.0,ORANGE,SPONSOR,2026-03-26
0.0,ORANGE,SPONSOR,2026-03-26
0.0,ORANGE,SPONSOR,2026-03-26
0.0,ORANGE,SPONSOR,2026-03-26
0.0,ORANGE,SPONSOR,2026-03-26
0.0,ORANGE,SPONSOR,2026-03-26
0.0,ORANGE,SPONSOR,2026-03-26
0.0,ORANGE,SPONSOR,2026-03-26
0.0,ORANGE,SPONSOR,2026-03-26
0.0,ORANGE,SPONSOR,2026-03-26
0.0,ORANGE,SPONSOR,2026-03-26
0.0,ORANGE,SPONSOR,2026-03-26
0.0,KIRENE,SPONSOR,2026-03-26
0.0,KIRENE,SPONSOR,2026-03-26
0.0,KIRENE,SPONSOR,2026-03-26
0.0,KIRENE,SPONSOR,2026-03-26
0.0,KIRENE,SPONSOR,2026-03-26
0.0,1.0XBET,SPONSOR,2026-03-26
0.0,1.0XBET,SPONSOR,2026-03-26
0.0,1.0XBET,SPONSOR,2026-03-26
0.0,SABLUX,SPONSOR,2026-03-26
0.0,SABLUX,SPONSOR,2026-03-26
0.0,SABLUX,SPONSOR,2026-03-26
0.0,PORT,SPONSOR,2026-03-26
0.0,PORT,SPONSOR,2026-03-26
0.0,PORT,SPONSOR,2026-03-26
0.0,PORT,SPONSOR,2026-03-26
0.0,PORT,SPONSOR,2026-03-26
0.0,SUNHOME,SPONSOR,2026-03-26
0.0,SUNHOME,SPONSOR,2026-03-26
0.0,SUNHOME,SPONSOR,2026-03-26
0.0,SONAM,SPONSOR,2026-03-26
0.0,SONAM,SPONSOR,2026-03-26
0.0,SONAM,SPONSOR,2026-03-26
0.0,SONAM,SPONSOR,2026-03-26
0.0,BNDE,SPONSOR,2026-03-26
0.0,BNDE,SPONSOR,2026-03-26
0.0,BNDE,SPONSOR,2026-03-26
0.0,BNDE,SPONSOR,2026-03-26
0.0,ASTECH,SPONSOR,2026-03-26
0.0,ASTECH,SPONSOR,2026-03-26
1.0,PAVOISEMENT,PAVOISEMENT,2026-03-23
28.0,Event Management,COJOJ,2026-03-24
0.0,Event Management,COJOJ,2026-03-24
0.0,Event Management,COJOJ,2026-03-24
0.0,Event Management,COJOJ,2026-03-24
0.0,Accreditation,COJOJ,2026-03-24
0.0,Ceremonies,COJOJ,2026-03-24
0.0,Clean and Waste,COJOJ,2026-03-24
0.0,Event Infrastructure,COJOJ,2026-03-24
0.0,Event Infrastructure,COJOJ,2026-03-24
0.0,Event Infrastructure,COJOJ,2026-03-24
0.0,Event Services,COJOJ,2026-03-24
0.0,Event Services,COJOJ,2026-03-24
0.0,Food and Beverage,COJOJ,2026-03-24
0.0,Look and Signage,COJOJ,2026-03-24
0.0,Logisitics,COJOJ,2026-03-24
0.0,Media Press,COJOJ,2026-03-24
0.0,Media Broadcast,COJOJ,2026-03-24
0.0,Medical,COJOJ,2026-03-24
0.0,Olympic Family Services,COJOJ,2026-03-24
0.0,Onsite Fan Experience,COJOJ,2026-03-24
0.0,Protocol,COJOJ,2026-03-24
0.0,Security,COJOJ,2026-03-24
0.0,Security,COJOJ,2026-03-24
0.0,Sport,COJOJ,2026-03-24
0.0,Technology,COJOJ,2026-03-24
0.0,Ticekting,COJOJ,2026-03-24
0.0,Ticketing,COJOJ,2026-03-24
0.0,Transport,COJOJ,2026-03-24
0.0,Ticketing ,COJOJ,2026-03-24
1.0,FSF,COORDONNATEUR GENERAL,2026-03-16
1.0,PRESIDENT,PRESIDENT FSF,2026-03-16
37.0,Coordination administrative technique et protocolaire,COMMISSION CCATP,2026-03-16
0.0,Coordination administrative technique et protocolaire,COMMISSION CCATP,2026-03-16
0.0,Coordination administrative technique et protocolaire,COMMISSION CCATP,2026-03-16
0.0,Coordination administrative technique et protocolaire,COMMISSION CCATP,2026-03-16
0.0,Coordination administrative technique et protocolaire,COMMISSION CCATP,2026-03-16
0.0,Coordination administrative technique et protocolaire,COMMISSION CCATP,2026-03-16
0.0,Coordination administrative technique et protocolaire,COMMISSION CCATP,2026-03-16
0.0,Coordination administrative technique et protocolaire,COMMISSION CCATP,2026-03-16
0.0,Coordination administrative technique et protocolaire,COMMISSION CCATP,2026-03-16
0.0,Coordination administrative technique et protocolaire,COMMISSION CCATP,2026-03-16
0.0,Coordination administrative technique et protocolaire,COMMISSION CCATP,2026-03-16
0.0,Coordination administrative technique et protocolaire,COMMISSION CCATP,2026-03-16
0.0,Coordination administrative technique et protocolaire,COMMISSION CCATP,2026-03-16
0.0,CCATP,COMMISSION CCATP,2026-03-16
0.0,RAMASSEUR DE BALLES,COMMISSION CCATP,2026-03-16
0.0,ENCADREUR RAMASSEUR,COMMISSION CCATP,2026-03-16
0.0,CCATP,COMMISSION CCATP,2026-03-23
57.0,Gambia Journal,JOURNALISTE GAMBIE,2026-03-19
0.0,Star TV/Radio,JOURNALISTE GAMBIE,2026-03-19
0.0,Afri Radio,JOURNALISTE GAMBIE,2026-03-19
0.0,LSTV1 Cameraman,JOURNALISTE GAMBIE,2026-03-19
0.0,Star TV,JOURNALISTE GAMBIE,2026-03-19
0.0,Freelance,JOURNALISTE GAMBIE,2026-03-19
0.0,Paradise TV,JOURNALISTE GAMBIE,2026-03-19
0.0,GRTS Radio,JOURNALISTE GAMBIE,2026-03-19
0.0,LSTV1,JOURNALISTE GAMBIE,2026-03-19
0.0,Upright TV2,JOURNALISTE GAMBIE,2026-03-19
0.0,GRTS TV,JOURNALISTE GAMBIE,2026-03-19
0.0,Freelance,JOURNALISTE GAMBIE,2026-03-19
0.0,QTV Gambia,JOURNALISTE GAMBIE,2026-03-19
0.0,Freelancer,JOURNALISTE GAMBIE,2026-03-19
0.0,Freelancer,JOURNALISTE GAMBIE,2026-03-19
0.0,Star TV/FM,JOURNALISTE GAMBIE,2026-03-19
0.0,The Fatu Network,JOURNALISTE GAMBIE,2026-03-19
0.0,Stoppage Time Sports,JOURNALISTE GAMBIE,2026-03-19
0.0,A TV,JOURNALISTE GAMBIE,2026-03-19
0.0,Freelancer,JOURNALISTE GAMBIE,2026-03-19
0.0,Freelancer,JOURNALISTE GAMBIE,2026-03-19
0.0,Freelancer,JOURNALISTE GAMBIE,2026-03-19
0.0,Basse Multimedia,JOURNALISTE GAMBIE,2026-03-19
0.0,Freelancer,JOURNALISTE GAMBIE,2026-03-19
0.0,Freelancer,JOURNALISTE GAMBIE,2026-03-19
0.0,GRTS TV/Radio,JOURNALISTE GAMBIE,2026-03-19
0.0,Freelancer,JOURNALISTE GAMBIE,2026-03-19
0.0,Capital FM,JOURNALISTE GAMBIE,2026-03-19
0.0,MoYS,JOURNALISTE GAMBIE,2026-03-19
0.0,Freelancer,JOURNALISTE GAMBIE,2026-03-19
0.0,Radio1FM Gambia,JOURNALISTE GAMBIE,2026-03-19
0.0,Capital FM,JOURNALISTE GAMBIE,2026-03-19
0.0,GRTS TV,JOURNALISTE GAMBIE,2026-03-19
0.0,Freelancer,JOURNALISTE GAMBIE,2026-03-19
0.0,Freelancer,JOURNALISTE GAMBIE,2026-03-19
0.0,GRTS Radio,JOURNALISTE GAMBIE,2026-03-19
0.0,Freelancer,JOURNALISTE GAMBIE,2026-03-19
0.0,Freelancer,JOURNALISTE GAMBIE,2026-03-19
0.0,Freelancer,JOURNALISTE GAMBIE,2026-03-19
0.0,The Point Newspaper,JOURNALISTE GAMBIE,2026-03-19
0.0,GRTS Cameraman,JOURNALISTE GAMBIE,2026-03-19
0.0,GRTS Cameraman,JOURNALISTE GAMBIE,2026-03-19
0.0,Freelance,JOURNALISTE GAMBIE,2026-03-19
0.0,Freelance,JOURNALISTE GAMBIE,2026-03-19
0.0,Freelance,JOURNALISTE GAMBIE,2026-03-19
0.0,Freelance,JOURNALISTE GAMBIE,2026-03-19
0.0,Freelance,JOURNALISTE GAMBIE,2026-03-19
0.0,JOURNALISTE / PRODUCTEUR,JOURNALISTE GAMBIE,2026-03-23
5.0,FSF,COMMISSION FINANCES,2026-03-24
0.0,FSF,COMMISSION FINANCES,2026-03-24
0.0,FSF,COMMISSION FINANCES,2026-03-24
0.0,FSF,COMMISSION FINANCES,2026-03-24
0.0,FSF,COMMISSION FINANCES,2026-03-24
2.0,AUDIT,COMMISSION AUDIT,2026-03-24
0.0,AUDIT,COMMISSION AUDIT,2026-03-24
8.0,FSF,COMMISSION MOBILISATION,2026-03-25
0.0,FSF,COMMISSION MOBILISATION,2026-03-25
0.0,FSF,COMMISSION MOBILISATION,2026-03-25
0.0,FSF,COMMISSION MOBILISATION,2026-03-25
0.0,FSF,COMMISSION MOBILISATION,2026-03-25
0.0,FSF,COMMISSION MOBILISATION,2026-03-25
0.0,FSF,COMMISSION MOBILISATION,2026-03-25
0.0,FSF,COMMISSION MOBILISATION,2026-03-25
38.0,GAMBIA PLOICE,POLICE,2026-03-30
0.0,GAMBIA PLOICE,POLICE,2026-03-30
0.0,GAMBIA PLOICE,POLICE,2026-03-30
0.0,GAMBIA PLOICE,POLICE,2026-03-30
0.0,POLICE SENEGAL,POLICE,2026-03-30
0.0,POLICE SENEGAL,POLICE,2026-03-30
0.0,POLICE SENEGAL,POLICE,2026-03-30
0.0,POLICE SENEGAL,POLICE,2026-03-30
0.0,POLICE SENEGAL,POLICE,2026-03-30
0.0,POLICE SENEGAL,POLICE,2026-03-30
0.0,POLICE SENEGAL,POLICE,2026-03-30
0.0,POLICE SENEGAL,POLICE,2026-03-30
0.0,POLICE SENEGAL,POLICE,2026-03-30
0.0,POLICE SENEGAL,POLICE,2026-03-30
0.0,POLICE SENEGAL,POLICE,2026-03-30
0.0,POLICE SENEGAL,POLICE,2026-03-30
0.0,POLICE SENEGAL,POLICE,2026-03-30
0.0,POLICE SENEGAL,POLICE,2026-03-30
0.0,POLICE SENEGAL,POLICE,2026-03-30
0.0,POLICE SENEGAL,POLICE,2026-03-30
0.0,POLICE SENEGAL,POLICE,2026-03-30
0.0,POLICE SENEGAL,POLICE,2026-03-30
0.0,POLICE SENEGAL,POLICE,2026-03-30
0.0,POLICE SENEGAL,POLICE,2026-03-30
20.0,FSF,CHAUFFEUR,2026-03-27
0.0,FSF,CHAUFFEUR,2026-03-27
0.0,FSF,CHAUFFEUR,2026-03-27
0.0,FSF,CHAUFFEUR,2026-03-27
0.0,FSF,CHAUFFEUR,2026-03-27
0.0,FSF,CHAUFFEUR,2026-03-27
0.0,FSF,CHAUFFEUR,2026-03-27
0.0,FSF,CHAUFFEUR,2026-03-27
0.0,FSF,CHAUFFEUR,2026-03-27
0.0,FSF,CHAUFFEUR,2026-03-27
0.0,FSF,CHAUFFEUR,2026-03-27
0.0,FSF,CHAUFFEUR,2026-03-27
0.0,FSF,CHAUFFEUR,2026-03-27
0.0,FSF,CHAUFFEUR,2026-03-27
0.0,FSF,CHAUFFEUR,2026-03-27
0.0,FSF,CHAUFFEUR,2026-03-27
0.0,FSF,CHAUFFEUR,2026-03-27
0.0,FSF,CHAUFFEUR,2026-03-27
0.0,FSF,CHAUFFEUR,2026-03-27
0.0,FSF,CHAUFFEUR,2026-03-27
14.0,BINTA TRAITEUR,CONCESSION,2026-03-30
0.0,ABY'S GARDEN,CONCESSION,2026-03-30
0.0,ESA CATERING,CONCESSION,2026-03-30
0.0,CUISINE AVEC FIFI,CONCESSION,2026-03-30
0.0,CUISINE AVEC FIFI,CONCESSION,2026-03-30
0.0,SEN FUSION,CONCESSION,2026-03-30
0.0,HAMALIS TRAITEUR,CONCESSION,2026-03-30
0.0,MAKHALY,CONCESSION,2026-03-30
0.0,NDELLICE,CONCESSION,2026-03-30
0.0,KIKI TRAITEUR,CONCESSION,2026-03-30
0.0,AL AMINE,CONCESSION,2026-03-30
0.0,NOMAD,CONCESSION,2026-03-30
0.0,GROUPE DAURE WARE,CONCESSION,2026-03-30
0.0,CLINTON COFFEE,CONCESSION,2026-03-30
1.0,FSF,PARTENAIRE FSF,2026-03-30
4.0,POLICE GAMBIE ,POLICE GAMBIE ,2026-03-31
5.0,TRAITEUR,TRAITEUR,2026-03-31
130.0,ARTISTE,ARTISTE,2026-03-31
